{
    "name": "root",
    "gauges": {
        "AICar.Policy.Entropy.mean": {
            "value": 1.4189382791519165,
            "min": 1.4189382791519165,
            "max": 1.4189382791519165,
            "count": 2
        },
        "AICar.Policy.ExtrinsicValueEstimate.mean": {
            "value": 0.4812290370464325,
            "min": 0.32171228528022766,
            "max": 0.4812290370464325,
            "count": 2
        },
        "AICar.IsTraining.mean": {
            "value": 1.0,
            "min": 1.0,
            "max": 1.0,
            "count": 2
        }
    },
    "metadata": {
        "timer_format_version": "0.1.0",
        "start_time_seconds": "1602959779",
        "python_version": "3.7.9 (default, Aug 31 2020, 17:10:11) [MSC v.1916 64 bit (AMD64)]",
        "command_line_arguments": "D:\\missp\\Anaconda\\envs\\carAgent1.0\\Scripts\\mlagents-learn ./trainer_config.yaml --run-id car_02",
        "mlagents_version": "0.21.0",
        "mlagents_envs_version": "0.21.0",
        "communication_protocol_version": "1.2.0",
        "tensorflow_version": "2.3.1",
        "numpy_version": "1.19.2",
        "end_time_seconds": "1602959809"
    },
    "total": 30.082212499999997,
    "count": 1,
    "self": 0.006772699999999077,
    "children": {
        "run_training.setup": {
            "total": 0.007653099999999746,
            "count": 1,
            "self": 0.007653099999999746
        },
        "TrainerController.start_learning": {
            "total": 30.0677867,
            "count": 1,
            "self": 0.022686499999984733,
            "children": {
                "TrainerController._reset_env": {
                    "total": 11.168016100000001,
                    "count": 1,
                    "self": 11.168016100000001
                },
                "TrainerController.advance": {
                    "total": 18.331898200000015,
                    "count": 734,
                    "self": 0.010224800000056433,
                    "children": {
                        "env_step": {
                            "total": 18.32167339999996,
                            "count": 734,
                            "self": 17.627455699999892,
                            "children": {
                                "SubprocessEnvManager._take_step": {
                                    "total": 0.6847921000000134,
                                    "count": 734,
                                    "self": 0.03138600000007763,
                                    "children": {
                                        "TFPolicy.evaluate": {
                                            "total": 0.6534060999999358,
                                            "count": 734,
                                            "self": 0.6534060999999358
                                        }
                                    }
                                },
                                "workers": {
                                    "total": 0.00942560000005166,
                                    "count": 733,
                                    "self": 0.0,
                                    "children": {
                                        "worker_root": {
                                            "total": 19.773735300000016,
                                            "count": 733,
                                            "is_parallel": true,
                                            "self": 3.943731500000009,
                                            "children": {
                                                "steps_from_proto": {
                                                    "total": 0.0025583999999998497,
                                                    "count": 1,
                                                    "is_parallel": true,
                                                    "self": 0.00019699999999822637,
                                                    "children": {
                                                        "_process_vector_observation": {
                                                            "total": 0.0023614000000016233,
                                                            "count": 8,
                                                            "is_parallel": true,
                                                            "self": 0.0023614000000016233
                                                        }
                                                    }
                                                },
                                                "UnityEnvironment.step": {
                                                    "total": 15.827445400000007,
                                                    "count": 733,
                                                    "is_parallel": true,
                                                    "self": 0.3049292000000605,
                                                    "children": {
                                                        "UnityEnvironment._generate_step_input": {
                                                            "total": 0.22412539999999304,
                                                            "count": 733,
                                                            "is_parallel": true,
                                                            "self": 0.22412539999999304
                                                        },
                                                        "communicator.exchange": {
                                                            "total": 14.019458199999955,
                                                            "count": 733,
                                                            "is_parallel": true,
                                                            "self": 14.019458199999955
                                                        },
                                                        "steps_from_proto": {
                                                            "total": 1.2789325999999992,
                                                            "count": 733,
                                                            "is_parallel": true,
                                                            "self": 0.11532410000004845,
                                                            "children": {
                                                                "_process_vector_observation": {
                                                                    "total": 1.1636084999999508,
                                                                    "count": 5864,
                                                                    "is_parallel": true,
                                                                    "self": 1.1636084999999508
                                                                }
                                                            }
                                                        }
                                                    }
                                                }
                                            }
                                        }
                                    }
                                }
                            }
                        }
                    }
                },
                "trainer_threads": {
                    "total": 2.190000000013015e-05,
                    "count": 1,
                    "self": 2.190000000013015e-05,
                    "children": {
                        "thread_root": {
                            "total": 0.0,
                            "count": 0,
                            "is_parallel": true,
                            "self": 0.0,