{
    "name": "root",
    "gauges": {
        "AICar.Policy.Entropy.mean": {
            "value": 1.3864269256591797,
            "min": 1.3863812685012817,
            "max": 1.4189928770065308,
            "count": 500
        },
        "AICar.Policy.ExtrinsicValueEstimate.mean": {
            "value": 3.9520370960235596,
            "min": -3.355149984359741,
            "max": 5.838154315948486,
            "count": 500
        },
        "AICar.IsTraining.mean": {
            "value": 1.0,
            "min": 1.0,
            "max": 1.0,
            "count": 500
        },
        "AICar.Losses.ValueLoss.mean": {
            "value": 0.746208131313324,
            "min": 0.0741455927491188,
            "max": 1.231589674949646,
            "count": 238
        },
        "AICar.Losses.PolicyLoss.mean": {
            "value": 0.022521747276186943,
            "min": 0.010112223215401173,
            "max": 0.023330723866820335,
            "count": 238
        },
        "AICar.Policy.LearningRate.mean": {
            "value": 1.4216763588592585e-07,
            "min": 1.4216763588592585e-07,
            "max": 0.00029874048777855933,
            "count": 238
        },
        "AICar.Policy.Epsilon.mean": {
            "value": 0.10004735738039017,
            "min": 0.10004735738039017,
            "max": 0.19958016276359558,
            "count": 238
        },
        "AICar.Policy.Beta.mean": {
            "value": 1.2363056157482788e-05,
            "min": 1.2363056157482788e-05,
            "max": 0.0049790493212640285,
            "count": 238
        },
        "AICar.Environment.EpisodeLength.mean": {
            "value": 999.0,
            "min": 999.0,
            "max": 999.0,
            "count": 208
        },
        "AICar.Environment.CumulativeReward.mean": {
            "value": 11.329654145240784,
            "min": -30.27000093460083,
            "max": 27.919925689697266,
            "count": 291
        },
        "AICar.Policy.ExtrinsicReward.mean": {
            "value": 11.329654145240784,
            "min": -30.27000093460083,
            "max": 27.919925689697266,
            "count": 291
        }
    },
    "metadata": {
        "timer_format_version": "0.1.0",
        "start_time_seconds": "1602967801",
        "python_version": "3.7.9 (default, Aug 31 2020, 17:10:11) [MSC v.1916 64 bit (AMD64)]",
        "command_line_arguments": "D:\\missp\\Anaconda\\envs\\carAgent1.0\\Scripts\\mlagents-learn ./trainer_config.yaml --run-id car_13",
        "mlagents_version": "0.21.0",
        "mlagents_envs_version": "0.21.0",
        "communication_protocol_version": "1.2.0",
        "tensorflow_version": "2.3.1",
        "numpy_version": "1.19.2",
        "end_time_seconds": "1602972866"
    },
    "total": 5065.056129,
    "count": 1,
    "self": 0.2990133999992395,
    "children": {
        "run_training.setup": {
            "total": 0.009933499999999817,
            "count": 1,
            "self": 0.009933499999999817
        },
        "TrainerController.start_learning": {
            "total": 5064.7471821,
            "count": 1,
            "self": 5.687418899955446,
            "children": {
                "TrainerController._reset_env": {
                    "total": 8.960029800000001,
                    "count": 1,
                    "self": 8.960029800000001
                },
                "TrainerController.advance": {
                    "total": 5049.678604900046,
                    "count": 208406,
                    "self": 2.9568310000076963,
                    "children": {
                        "env_step": {
                            "total": 5046.721773900038,
                            "count": 208406,
                            "self": 4800.659758799975,
                            "children": {
                                "SubprocessEnvManager._take_step": {
                                    "total": 243.18062779994125,
                                    "count": 208406,
                                    "self": 7.95966599986707,
                                    "children": {
                                        "TFPolicy.evaluate": {
                                            "total": 235.22096180007418,
                                            "count": 208406,
                                            "self": 235.22096180007418
                                        }
                                    }
                                },
                                "workers": {
                                    "total": 2.8813873001218493,
                                    "count": 208406,
                                    "self": 0.0,
                                    "children": {
                                        "worker_root": {
                                            "total": 5050.765423399975,
                                            "count": 208406,
                                            "is_parallel": true,
                                            "self": 858.9598158999606,
                                            "children": {
                                                "steps_from_proto": {
                                                    "total": 0.001469900000000024,
                                                    "count": 1,
                                                    "is_parallel": true,
                                                    "self": 0.00015140000000002374,
                                                    "children": {
                                                        "_process_vector_observation": {
                                                            "total": 0.0013185000000000002,
                                                            "count": 8,
                                                            "is_parallel": true,
                                                            "self": 0.0013185000000000002
                                                        }
                                                    }
                                                },
                                                "UnityEnvironment.step": {
                                                    "total": 4191.804137600014,
                                                    "count": 208406,
                                                    "is_parallel": true,
                                                    "self": 63.307160699842825,
                                                    "children": {
                                                        "UnityEnvironment._generate_step_input": {
                                                            "total": 48.1827247000043,
                                                            "count": 208406,
                                                            "is_parallel": true,
                                                            "self": 48.1827247000043
                                                        },
                                                        "communicator.exchange": {
                                                            "total": 3801.6049369000616,
                                                            "count": 208406,
                                                            "is_parallel": true,
                                                            "self": 3801.6049369000616
                                                        },
                                                        "steps_from_proto": {
                                                            "total": 278.709315300105,
                                                            "count": 208406,
                                                            "is_parallel": true,
                                                            "self": 29.162213700158645,