{
    "name": "root",
    "gauges": {
        "AICar.Policy.Entropy.mean": {
            "value": 1.4207944869995117,
            "min": 1.4189382791519165,
            "max": 1.4207944869995117,
            "count": 5
        },
        "AICar.Policy.ExtrinsicValueEstimate.mean": {
            "value": 0.11701049655675888,
            "min": -0.2445170134305954,
            "max": 0.11701049655675888,
            "count": 5
        },
        "AICar.IsTraining.mean": {
            "value": 1.0,
            "min": 1.0,
            "max": 1.0,
            "count": 5
        },
        "AICar.Losses.ValueLoss.mean": {
            "value": 0.018002714961767197,
            "min": 0.018002714961767197,
            "max": 0.026033516973257065,
            "count": 2
        },
        "AICar.Losses.PolicyLoss.mean": {
            "value": 0.011744108982384205,
            "min": 0.011744108982384205,
            "max": 0.017308421432971954,
            "count": 2
        },
        "AICar.Policy.LearningRate.mean": {
            "value": 0.0002974503149744123,
            "min": 0.0002974503149744123,
            "max": 0.00029874048777855933,
            "count": 2
        },
        "AICar.Policy.Epsilon.mean": {
            "value": 0.19915008544921875,
            "min": 0.19915008544921875,
            "max": 0.19958016276359558,
            "count": 2
        },
        "AICar.Policy.Beta.mean": {
            "value": 0.004957588389515877,
            "min": 0.004957588389515877,
            "max": 0.0049790493212640285,
            "count": 2
        },
        "AICar.Environment.EpisodeLength.mean": {
            "value": 1999.0,
            "min": 1999.0,
            "max": 1999.0,
            "count": 1
        },
        "AICar.Environment.CumulativeReward.mean": {
            "value": 26.010635055601597,
            "min": 26.010635055601597,
            "max": 26.010635055601597,
            "count": 1
        },
        "AICar.Policy.ExtrinsicReward.mean": {
            "value": 26.010635055601597,
            "min": 26.010635055601597,
            "max": 26.010635055601597,
            "count": 1
        }
    },
    "metadata": {
        "timer_format_version": "0.1.0",
        "start_time_seconds": "1604079717",
        "python_version": "3.7.9 (default, Aug 31 2020, 17:10:11) [MSC v.1916 64 bit (AMD64)]",
        "command_line_arguments": "D:\\missp\\Anaconda\\envs\\carAgent1.0\\Scripts\\mlagents-learn ./trainer_config.yaml --run-id carNew08",
        "mlagents_version": "0.21.0",
        "mlagents_envs_version": "0.21.0",
        "communication_protocol_version": "1.2.0",
        "tensorflow_version": "2.3.1",
        "numpy_version": "1.19.2",
        "end_time_seconds": "1604079778"
    },
    "total": 60.8730943,
    "count": 1,
    "self": 0.005392699999994477,
    "children": {
        "run_training.setup": {
            "total": 0.009411000000000058,
            "count": 1,
            "self": 0.009411000000000058
        },
        "TrainerController.start_learning": {
            "total": 60.858290600000004,
            "count": 1,
            "self": 0.06681620000016153,
            "children": {
                "TrainerController._reset_env": {
                    "total": 9.623130999999999,
                    "count": 1,
                    "self": 9.623130999999999
                },
                "TrainerController.advance": {
                    "total": 50.60717489999983,
                    "count": 2467,
                    "self": 0.03357009999975702,
                    "children": {
                        "env_step": {
                            "total": 50.573604800000076,
                            "count": 2467,
                            "self": 47.609608099999875,
                            "children": {
                                "SubprocessEnvManager._take_step": {
                                    "total": 2.930377900000064,
                                    "count": 2467,
                                    "self": 0.09065560000017925,
                                    "children": {
                                        "TFPolicy.evaluate": {
                                            "total": 2.8397222999998846,
                                            "count": 2467,
                                            "self": 2.8397222999998846
                                        }
                                    }
                                },
                                "workers": {
                                    "total": 0.03361880000014139,
                                    "count": 2466,
                                    "self": 0.0,
                                    "children": {
                                        "worker_root": {
                                            "total": 51.919920800000035,
                                            "count": 2466,
                                            "is_parallel": true,
                                            "self": 10.357382400000027,
                                            "children": {
                                                "steps_from_proto": {
                                                    "total": 0.0014424000000001769,
                                                    "count": 1,
                                                    "is_parallel": true,
                                                    "self": 0.0001429000000001679,
                                                    "children": {
                                                        "_process_vector_observation": {
                                                            "total": 0.001299500000000009,
                                                            "count": 8,
                                                            "is_parallel": true,
                                                            "self": 0.001299500000000009
                                                        }
                                                    }
                                                },
                                                "UnityEnvironment.step": {
                                                    "total": 41.561096000000006,
                                                    "count": 2466,
                                                    "is_parallel": true,
                                                    "self": 0.7278041999996887,
                                                    "children": {
                                                        "UnityEnvironment._generate_step_input": {
                                                            "total": 0.5538300000000085,
                                                            "count": 2466,
                                                            "is_parallel": true,
                                                            "self": 0.5538300000000085
                                                        },
                                                        "communicator.exchange": {
                                                            "total": 36.983114500000184,
                                                            "count": 2466,
                                                            "is_parallel": true,
                                                            "self": 36.983114500000184
                                                        },
                                                        "steps_from_proto": {
                                                            "total": 3.2963473000001304,
                                                            "count": 2466,
                                                            "is_parallel": true,
                                                            "self": 0.35545520000037634,