{
    "name": "root",
    "gauges": {
        "AICar.Policy.Entropy.mean": {
            "value": 1.4196072816848755,
            "min": 1.418938398361206,
            "max": 1.4221197366714478,
            "count": 15
        },
        "AICar.Policy.ExtrinsicValueEstimate.mean": {
            "value": 0.6056717038154602,
            "min": -0.3889685273170471,
            "max": 0.8787059187889099,
            "count": 15
        },
        "AICar.IsTraining.mean": {
            "value": 1.0,
            "min": 1.0,
            "max": 1.0,
            "count": 15
        },
        "AICar.Losses.ValueLoss.mean": {
            "value": 0.795134961605072,
            "min": 0.6636998653411865,
            "max": 0.9031234383583069,
            "count": 6
        },
        "AICar.Losses.PolicyLoss.mean": {
            "value": 0.01527014747262001,
            "min": 0.01527014747262001,
            "max": 0.020420623943209648,
            "count": 6
        },
        "AICar.Policy.LearningRate.mean": {
            "value": 0.0002922758867498487,
            "min": 0.0002922758867498487,
            "max": 0.00029875588370487094,
            "count": 6
        },
        "AICar.Policy.Epsilon.mean": {
            "value": 0.19742530584335327,
            "min": 0.19742530584335327,
            "max": 0.19958530366420746,
            "count": 6
        },
        "AICar.Policy.Beta.mean": {
            "value": 0.004871521610766649,
            "min": 0.004871521610766649,
            "max": 0.004979306366294622,
            "count": 6
        },
        "AICar.Environment.EpisodeLength.mean": {
            "value": 1999.0,
            "min": 1999.0,
            "max": 1999.0,
            "count": 4
        },
        "AICar.Environment.CumulativeReward.mean": {
            "value": 6.533305465140277,
            "min": -16.112645355363686,
            "max": 36.82242826744914,
            "count": 4
        },
        "AICar.Policy.ExtrinsicReward.mean": {
            "value": 6.533305465140277,
            "min": -16.112645355363686,
            "max": 36.82242826744914,
            "count": 4
        }
    },
    "metadata": {
        "timer_format_version": "0.1.0",
        "start_time_seconds": "1604078673",
        "python_version": "3.7.9 (default, Aug 31 2020, 17:10:11) [MSC v.1916 64 bit (AMD64)]",
        "command_line_arguments": "D:\\missp\\Anaconda\\envs\\carAgent1.0\\Scripts\\mlagents-learn ./trainer_config.yaml --run-id carNew05",
        "mlagents_version": "0.21.0",
        "mlagents_envs_version": "0.21.0",
        "communication_protocol_version": "1.2.0",
        "tensorflow_version": "2.3.1",
        "numpy_version": "1.19.2",
        "end_time_seconds": "1604078855"
    },
    "total": 182.2939917,
    "count": 1,
    "self": 0.0051751000000024305,
    "children": {
        "run_training.setup": {
            "total": 0.008473299999999906,
            "count": 1,
            "self": 0.008473299999999906
        },
        "TrainerController.start_learning": {
            "total": 182.2803433,
            "count": 1,
            "self": 0.22575439999971536,
            "children": {
                "TrainerController._reset_env": {
                    "total": 5.329336100000001,
                    "count": 1,
                    "self": 5.329336100000001
                },
                "TrainerController.advance": {
                    "total": 176.17298570000025,
                    "count": 8681,
                    "self": 0.11900040000068657,
                    "children": {
                        "env_step": {
                            "total": 176.05398529999957,
                            "count": 8681,
                            "self": 167.67304689999935,
                            "children": {
                                "SubprocessEnvManager._take_step": {
                                    "total": 8.266921999999884,
                                    "count": 8681,
                                    "self": 0.2968602999992491,
                                    "children": {
                                        "TFPolicy.evaluate": {
                                            "total": 7.970061700000635,
                                            "count": 8681,
                                            "self": 7.970061700000635
                                        }
                                    }
                                },
                                "workers": {
                                    "total": 0.11401640000032742,
                                    "count": 8680,
                                    "self": 0.0,
                                    "children": {
                                        "worker_root": {
                                            "total": 177.47203349999967,
                                            "count": 8680,
                                            "is_parallel": true,
                                            "self": 28.74952669999894,
                                            "children": {
                                                "steps_from_proto": {
                                                    "total": 0.0014323999999996673,
                                                    "count": 1,
                                                    "is_parallel": true,
                                                    "self": 0.00012459999999947513,
                                                    "children": {
                                                        "_process_vector_observation": {
                                                            "total": 0.0013078000000001921,
                                                            "count": 8,
                                                            "is_parallel": true,
                                                            "self": 0.0013078000000001921
                                                        }
                                                    }
                                                },
                                                "UnityEnvironment.step": {
                                                    "total": 148.72107440000073,
                                                    "count": 8680,
                                                    "is_parallel": true,
                                                    "self": 2.0574052000004883,
                                                    "children": {
                                                        "UnityEnvironment._generate_step_input": {
                                                            "total": 1.588765500000207,
                                                            "count": 8680,
                                                            "is_parallel": true,
                                                            "self": 1.588765500000207
                                                        },
                                                        "communicator.exchange": {
                                                            "total": 135.50379429999936,
                                                            "count": 8680,
                                                            "is_parallel": true,
                                                            "self": 135.50379429999936
                                                        },
                                                        "steps_from_proto": {
                                                            "total": 9.57110940000068,
                                                            "count": 8680,
                                                            "is_parallel": true,
                                                            "self": 1.1502615999974921,