{
    "name": "root",
    "gauges": {
        "AICar.Policy.Entropy.mean": {
            "value": 1.4135258197784424,
            "min": 1.4135258197784424,
            "max": 1.418938398361206,
            "count": 25
        },
        "AICar.Policy.ExtrinsicValueEstimate.mean": {
            "value": -0.48676446080207825,
            "min": -0.48676446080207825,
            "max": 1.647925615310669,
            "count": 25
        },
        "AICar.IsTraining.mean": {
            "value": 1.0,
            "min": 1.0,
            "max": 1.0,
            "count": 25
        },
        "AICar.Losses.ValueLoss.mean": {
            "value": 0.9053446054458618,
            "min": 0.5589762926101685,
            "max": 0.9166362881660461,
            "count": 11
        },
        "AICar.Losses.PolicyLoss.mean": {
            "value": 0.017011338844895363,
            "min": 0.01402642484754324,
            "max": 0.021277908235788345,
            "count": 11
        },
        "AICar.Policy.LearningRate.mean": {
            "value": 0.00028579586069099605,
            "min": 0.00028579586069099605,
            "max": 0.00029875588370487094,
            "count": 11
        },
        "AICar.Policy.Epsilon.mean": {
            "value": 0.1952652931213379,
            "min": 0.1952652931213379,
            "max": 0.19958530366420746,
            "count": 11
        },
        "AICar.Policy.Beta.mean": {
            "value": 0.004763737320899963,
            "min": 0.004763737320899963,
            "max": 0.004979306366294622,
            "count": 11
        },
        "AICar.Environment.EpisodeLength.mean": {
            "value": 1999.0,
            "min": 1999.0,
            "max": 1999.0,
            "count": 6
        },
        "AICar.Environment.CumulativeReward.mean": {
            "value": 62.775193644066654,
            "min": -23.96571186184883,
            "max": 80.47799364170608,
            "count": 7
        },
        "AICar.Policy.ExtrinsicReward.mean": {
            "value": 62.775193644066654,
            "min": -23.96571186184883,
            "max": 80.47799364170608,
            "count": 7
        }
    },
    "metadata": {
        "timer_format_version": "0.1.0",
        "start_time_seconds": "1604077688",
        "python_version": "3.7.9 (default, Aug 31 2020, 17:10:11) [MSC v.1916 64 bit (AMD64)]",
        "command_line_arguments": "D:\\missp\\Anaconda\\envs\\carAgent1.0\\Scripts\\mlagents-learn ./trainer_config.yaml --run-id carNew02",
        "mlagents_version": "0.21.0",
        "mlagents_envs_version": "0.21.0",
        "communication_protocol_version": "1.2.0",
        "tensorflow_version": "2.3.1",
        "numpy_version": "1.19.2",
        "end_time_seconds": "1604077985"
    },
    "total": 296.49454330000003,
    "count": 1,
    "self": 0.006133400000067013,
    "children": {
        "run_training.setup": {
            "total": 0.008170100000000069,
            "count": 1,
            "self": 0.008170100000000069
        },
        "TrainerController.start_learning": {
            "total": 296.4802398,
            "count": 1,
            "self": 1.383004999999855,
            "children": {
                "TrainerController._reset_env": {
                    "total": 8.7997013,
                    "count": 1,
                    "self": 8.7997013
                },
                "TrainerController.advance": {
                    "total": 285.2130922000001,
                    "count": 14401,
                    "self": 0.19287049999883266,
                    "children": {
                        "env_step": {
                            "total": 285.0202217000013,
                            "count": 14401,
                            "self": 270.7739475000019,
                            "children": {
                                "SubprocessEnvManager._take_step": {
                                    "total": 14.05008430000079,
                                    "count": 14401,
                                    "self": 0.49358180000191965,
                                    "children": {
                                        "TFPolicy.evaluate": {
                                            "total": 13.55650249999887,
                                            "count": 14401,
                                            "self": 13.55650249999887
                                        }
                                    }
                                },
                                "workers": {
                                    "total": 0.1961898999986289,
                                    "count": 14400,
                                    "self": 0.0,
                                    "children": {
                                        "worker_root": {
                                            "total": 286.4658262000017,
                                            "count": 14400,
                                            "is_parallel": true,
                                            "self": 47.110437300001394,
                                            "children": {
                                                "steps_from_proto": {
                                                    "total": 0.001264299999999885,
                                                    "count": 1,
                                                    "is_parallel": true,
                                                    "self": 0.00015689999999857207,
                                                    "children": {
                                                        "_process_vector_observation": {
                                                            "total": 0.0011074000000013129,
                                                            "count": 8,
                                                            "is_parallel": true,
                                                            "self": 0.0011074000000013129
                                                        }
                                                    }
                                                },
                                                "UnityEnvironment.step": {
                                                    "total": 239.3541246000003,
                                                    "count": 14400,
                                                    "is_parallel": true,
                                                    "self": 3.5346695000021384,
                                                    "children": {
                                                        "UnityEnvironment._generate_step_input": {
                                                            "total": 2.6387166999995326,
                                                            "count": 14400,
                                                            "is_parallel": true,
                                                            "self": 2.6387166999995326
                                                        },
                                                        "communicator.exchange": {
                                                            "total": 217.37369270000002,
                                                            "count": 14400,
                                                            "is_parallel": true,
                                                            "self": 217.37369270000002
                                                        },
                                                        "steps_from_proto": {
                                                            "total": 15.807045699998596,
                                                            "count": 14400,
                                                            "is_parallel": true,
                                                            "self": 1.8905707999942027,