{"cameraMode":{"drawMode":0,"name":"Shaded","section":"Shading Mode"},"sceneLighting":true,"audioPlay":false,"sceneViewState":{"showFog":true,"showMaterialUpdate":false,"showSkybox":true,"showFlares":true,"showImageEffects":true,"showParticleSystems":true},"in2DMode":false,"pivot":{"x":-5.02147912979126,"y":3.098395347595215,"z":-2.3027849197387697},"rotation":{"x":0.2259589582681656,"y":-0.3939964473247528,"z":0.10054332762956619,"w":0.8852691054344177},"size":8.062532424926758,"orthographic":false}