{"cameraMode":{"drawMode":0,"name":"Shaded","section":"Shading Mode"},"sceneLighting":true,"audioPlay":false,"sceneViewState":{"showFog":true,"showMaterialUpdate":false,"showSkybox":true,"showFlares":true,"showImageEffects":true,"showParticleSystems":true},"in2DMode":false,"pivot":{"x":7.061615943908691,"y":3.2005772590637209,"z":1.266913652420044},"rotation":{"x":-0.14711543917655946,"y":0.8398568630218506,"z":-0.2800953686237335,"w":-0.4411548674106598},"size":4.013227939605713,"orthographic":false}