{"cameraMode":{"drawMode":0,"name":"Shaded","section":"Shading Mode"},"sceneLighting":false,"audioPlay":false,"sceneViewState":{"showFog":true,"showMaterialUpdate":false,"showSkybox":false,"showFlares":true,"showImageEffects":true,"showParticleSystems":true},"in2DMode":false,"pivot":{"x":-2.8356876373291017,"y":-0.2948324680328369,"z":-4.582113265991211},"rotation":{"x":0.04497266188263893,"y":-0.94020676612854,"z":0.1366010308265686,"w":0.30886733531951907},"size":5.024035453796387,"orthographic":false}