{
    "name": "root",
    "gauges": {
        "AICar.Policy.Entropy.mean": {
            "value": 1.4276944398880005,
            "min": 1.4189382791519165,
            "max": 1.4287855625152588,
            "count": 24
        },
        "AICar.Policy.ExtrinsicValueEstimate.mean": {
            "value": 0.9837449193000793,
            "min": -0.23029685020446777,
            "max": 0.9896949529647827,
            "count": 24
        },
        "AICar.IsTraining.mean": {
            "value": 1.0,
            "min": 1.0,
            "max": 1.0,
            "count": 24
        },
        "AICar.Losses.ValueLoss.mean": {
            "value": 0.06264935433864594,
            "min": 0.0046446239575743675,
            "max": 0.06264935433864594,
            "count": 11
        },
        "AICar.Losses.PolicyLoss.mean": {
            "value": 0.017590750008821487,
            "min": 0.01434403471648693,
            "max": 0.021732982248067856,
            "count": 11
        },
        "AICar.Policy.LearningRate.mean": {
            "value": 0.0002861145476344973,
            "min": 0.0002861145476344973,
            "max": 0.00029874048777855933,
            "count": 11
        },
        "AICar.Policy.Epsilon.mean": {
            "value": 0.19537155330181122,
            "min": 0.19537155330181122,
            "max": 0.19958016276359558,
            "count": 11
        },
        "AICar.Policy.Beta.mean": {
            "value": 0.004769039805978537,
            "min": 0.004769039805978537,
            "max": 0.0049790493212640285,
            "count": 11
        },
        "AICar.Environment.EpisodeLength.mean": {
            "value": 1999.0,
            "min": 1999.0,
            "max": 1999.0,
            "count": 5
        },
        "AICar.Environment.CumulativeReward.mean": {
            "value": 19.805001321694125,
            "min": 19.805001321694125,
            "max": 27.62652516240875,
            "count": 5
        },
        "AICar.Policy.ExtrinsicReward.mean": {
            "value": 19.805001321694125,
            "min": 19.805001321694125,
            "max": 27.62652516240875,
            "count": 5
        }
    },
    "metadata": {
        "timer_format_version": "0.1.0",
        "start_time_seconds": "1604079933",
        "python_version": "3.7.9 (default, Aug 31 2020, 17:10:11) [MSC v.1916 64 bit (AMD64)]",
        "command_line_arguments": "D:\\missp\\Anaconda\\envs\\carAgent1.0\\Scripts\\mlagents-learn ./trainer_config.yaml --run-id carNew10",
        "mlagents_version": "0.21.0",
        "mlagents_envs_version": "0.21.0",
        "communication_protocol_version": "1.2.0",
        "tensorflow_version": "2.3.1",
        "numpy_version": "1.19.2",
        "end_time_seconds": "1604080172"
    },
    "total": 239.0787721,
    "count": 1,
    "self": 0.005569300000018984,
    "children": {
        "run_training.setup": {
            "total": 0.008143800000000034,
            "count": 1,
            "self": 0.008143800000000034
        },
        "TrainerController.start_learning": {
            "total": 239.065059,
            "count": 1,
            "self": 0.28189479999898026,
            "children": {
                "TrainerController._reset_env": {
                    "total": 9.7571873,
                    "count": 1,
                    "self": 9.7571873
                },
                "TrainerController.advance": {
                    "total": 228.491475300001,
                    "count": 10318,
                    "self": 0.1467817000006164,
                    "children": {
                        "env_step": {
                            "total": 228.3446936000004,
                            "count": 10318,
                            "self": 216.20042460000013,
                            "children": {
                                "SubprocessEnvManager._take_step": {
                                    "total": 11.998427700000034,
                                    "count": 10318,
                                    "self": 0.38979689999913525,
                                    "children": {
                                        "TFPolicy.evaluate": {
                                            "total": 11.608630800000899,
                                            "count": 10318,
                                            "self": 11.608630800000899
                                        }
                                    }
                                },
                                "workers": {
                                    "total": 0.14584130000023698,
                                    "count": 10317,
                                    "self": 0.0,
                                    "children": {
                                        "worker_root": {
                                            "total": 229.82538780000033,
                                            "count": 10317,
                                            "is_parallel": true,
                                            "self": 43.35680509999963,
                                            "children": {
                                                "steps_from_proto": {
                                                    "total": 0.0014998999999988882,
                                                    "count": 1,
                                                    "is_parallel": true,
                                                    "self": 0.000185099999999494,
                                                    "children": {
                                                        "_process_vector_observation": {
                                                            "total": 0.0013147999999993942,
                                                            "count": 8,
                                                            "is_parallel": true,
                                                            "self": 0.0013147999999993942
                                                        }
                                                    }
                                                },
                                                "UnityEnvironment.step": {
                                                    "total": 186.4670828000007,
                                                    "count": 10317,
                                                    "is_parallel": true,
                                                    "self": 3.084011000000828,
                                                    "children": {
                                                        "UnityEnvironment._generate_step_input": {
                                                            "total": 2.3965580000001765,
                                                            "count": 10317,
                                                            "is_parallel": true,
                                                            "self": 2.3965580000001765
                                                        },
                                                        "communicator.exchange": {
                                                            "total": 167.0178579000002,
                                                            "count": 10317,
                                                            "is_parallel": true,
                                                            "self": 167.0178579000002
                                                        },
                                                        "steps_from_proto": {
                                                            "total": 13.968655899999515,
                                                            "count": 10317,
                                                            "is_parallel": true,
                                                            "self": 1.479468699997847,