{"cameraMode":{"drawMode":0,"name":"Shaded","section":"Shading Mode"},"sceneLighting":true,"audioPlay":false,"sceneViewState":{"showFog":true,"showMaterialUpdate":false,"showSkybox":true,"showFlares":true,"showImageEffects":true,"showParticleSystems":true},"in2DMode":false,"pivot":{"x":8.694999694824219,"y":-3.743866443634033,"z":0.5394108295440674},"rotation":{"x":0.16072984039783479,"y":0.7033917903900147,"z":-0.16833288967609406,"w":0.6716216206550598},"size":14.66898250579834,"orthographic":false}