{"cameraMode":{"drawMode":0,"name":"Shaded","section":"Shading Mode"},"sceneLighting":true,"audioPlay":false,"sceneViewState":{"showFog":true,"showMaterialUpdate":false,"showSkybox":true,"showFlares":true,"showImageEffects":true,"showParticleSystems":true},"in2DMode":false,"pivot":{"x":199.8300018310547,"y":0.6200000047683716,"z":1.4600000381469727},"rotation":{"x":-0.16150623559951783,"y":-0.031384654343128207,"z":0.005135002546012402,"w":-0.9863672852516174},"size":9.510618209838868,"orthographic":false}

