{"cameraMode":{"drawMode":0,"name":"Shaded","section":"Shading Mode"},"sceneLighting":true,"audioPlay":false,"sceneViewState":{"showFog":true,"showMaterialUpdate":false,"showSkybox":true,"showFlares":true,"showImageEffects":true,"showParticleSystems":true},"in2DMode":false,"pivot":{"x":348.9691162109375,"y":-34.25593185424805,"z":182.1356201171875},"rotation":{"x":-0.008372512646019459,"y":-0.7492429614067078,"z":0.662324070930481,"w":-0.009809828363358975},"size":16601.09765625,"orthographic":false}