{"cameraMode":{"drawMode":0,"name":"Shaded","section":"Shading Mode"},"sceneLighting":true,"audioPlay":false,"sceneViewState":{"showFog":true,"showMaterialUpdate":false,"showSkybox":true,"showFlares":true,"showImageEffects":true,"showParticleSystems":true},"in2DMode":false,"pivot":{"x":740.4358520507813,"y":16.186922073364259,"z":152.49267578125},"rotation":{"x":0.07108179479837418,"y":-0.916202962398529,"z":0.34735026955604555,"w":0.18722112476825715},"size":31.113727569580079,"orthographic":false}