{
    "name": "root",
    "gauges": {
        "AICar.Policy.Entropy.mean": {
            "value": 1.3395156860351562,
            "min": 1.33938729763031,
            "max": 1.418938398361206,
            "count": 500
        },
        "AICar.Policy.ExtrinsicValueEstimate.mean": {
            "value": -99.11795806884766,
            "min": -113.33328247070312,
            "max": -0.06341278553009033,
            "count": 500
        },
        "AICar.IsTraining.mean": {
            "value": 1.0,
            "min": 1.0,
            "max": 1.0,
            "count": 500
        },
        "AICar.Losses.ValueLoss.mean": {
            "value": 159.40902709960938,
            "min": 111.5658950805664,
            "max": 798.8941040039062,
            "count": 238
        },
        "AICar.Losses.PolicyLoss.mean": {
            "value": 0.016759250313043594,
            "min": 0.011896328069269657,
            "max": 0.025743791833519936,
            "count": 238
        },
        "AICar.Policy.LearningRate.mean": {
            "value": 1.4216763588592585e-07,
            "min": 1.4216763588592585e-07,
            "max": 0.00029874048777855933,
            "count": 238
        },
        "AICar.Policy.Epsilon.mean": {
            "value": 0.10004735738039017,
            "min": 0.10004735738039017,
            "max": 0.19958016276359558,
            "count": 238
        },
        "AICar.Policy.Beta.mean": {
            "value": 1.2363056157482788e-05,
            "min": 1.2363056157482788e-05,
            "max": 0.0049790493212640285,
            "count": 238
        },
        "AICar.Environment.EpisodeLength.mean": {
            "value": 999.0,
            "min": 999.0,
            "max": 999.0,
            "count": 208
        },
        "AICar.Environment.CumulativeReward.mean": {
            "value": -1109.3549871444702,
            "min": -2036.6068267822266,
            "max": -946.3000106811523,
            "count": 291
        },
        "AICar.Policy.ExtrinsicReward.mean": {
            "value": -1109.3549871444702,
            "min": -2036.6068267822266,
            "max": -946.3000106811523,
            "count": 291
        }
    },
    "metadata": {
        "timer_format_version": "0.1.0",
        "start_time_seconds": "1602976288",
        "python_version": "3.7.9 (default, Aug 31 2020, 17:10:11) [MSC v.1916 64 bit (AMD64)]",
        "command_line_arguments": "D:\\missp\\Anaconda\\envs\\carAgent1.0\\Scripts\\mlagents-learn ./trainer_config.yaml --run-id car_15",
        "mlagents_version": "0.21.0",
        "mlagents_envs_version": "0.21.0",
        "communication_protocol_version": "1.2.0",
        "tensorflow_version": "2.3.1",
        "numpy_version": "1.19.2",
        "end_time_seconds": "1602981539"
    },
    "total": 5250.3363767,
    "count": 1,
    "self": 0.4546743000000788,
    "children": {
        "run_training.setup": {
            "total": 0.008756199999999659,
            "count": 1,
            "self": 0.008756199999999659
        },
        "TrainerController.start_learning": {
            "total": 5249.8729462,
            "count": 1,
            "self": 5.748085399946831,
            "children": {
                "TrainerController._reset_env": {
                    "total": 9.5087301,
                    "count": 1,
                    "self": 9.5087301
                },
                "TrainerController.advance": {
                    "total": 5234.145086000053,
                    "count": 208406,
                    "self": 2.958058500028528,
                    "children": {
                        "env_step": {
                            "total": 5231.187027500025,
                            "count": 208406,
                            "self": 4984.098607700196,
                            "children": {
                                "SubprocessEnvManager._take_step": {
                                    "total": 244.18194809993832,
                                    "count": 208406,
                                    "self": 8.088436499844136,
                                    "children": {
                                        "TFPolicy.evaluate": {
                                            "total": 236.0935116000942,
                                            "count": 208406,
                                            "self": 236.0935116000942
                                        }
                                    }
                                },
                                "workers": {
                                    "total": 2.9064716998896554,
                                    "count": 208406,
                                    "self": 0.0,
                                    "children": {
                                        "worker_root": {
                                            "total": 5235.045637699977,
                                            "count": 208406,
                                            "is_parallel": true,
                                            "self": 869.9265847001516,
                                            "children": {
                                                "steps_from_proto": {
                                                    "total": 0.0013676000000000244,
                                                    "count": 1,
                                                    "is_parallel": true,
                                                    "self": 0.00012679999999676284,
                                                    "children": {
                                                        "_process_vector_observation": {
                                                            "total": 0.0012408000000032615,
                                                            "count": 8,
                                                            "is_parallel": true,
                                                            "self": 0.0012408000000032615
                                                        }
                                                    }
                                                },
                                                "UnityEnvironment.step": {
                                                    "total": 4365.117685399826,
                                                    "count": 208406,
                                                    "is_parallel": true,
                                                    "self": 63.2081699995706,
                                                    "children": {
                                                        "UnityEnvironment._generate_step_input": {
                                                            "total": 49.61407600007051,
                                                            "count": 208406,
                                                            "is_parallel": true,
                                                            "self": 49.61407600007051
                                                        },
                                                        "communicator.exchange": {
                                                            "total": 3969.788917100111,
                                                            "count": 208406,
                                                            "is_parallel": true,
                                                            "self": 3969.788917100111
                                                        },
                                                        "steps_from_proto": {
                                                            "total": 282.5065223000739,
                                                            "count": 208406,
                                                            "is_parallel": true,
                                                            "self": 29.507123200619475,