{
    "name": "root",
    "gauges": {
        "AICar.Policy.Entropy.mean": {
            "value": 1.4113693237304688,
            "min": 1.4107283353805542,
            "max": 1.4193298816680908,
            "count": 43
        },
        "AICar.Policy.ExtrinsicValueEstimate.mean": {
            "value": -0.29244160652160645,
            "min": -1.0165057182312012,
            "max": 2.9147658348083496,
            "count": 43
        },
        "AICar.IsTraining.mean": {
            "value": 1.0,
            "min": 1.0,
            "max": 1.0,
            "count": 43
        },
        "AICar.Losses.ValueLoss.mean": {
            "value": 0.6131343245506287,
            "min": 0.47304674983024597,
            "max": 0.8517624735832214,
            "count": 20
        },
        "AICar.Losses.PolicyLoss.mean": {
            "value": 0.014721731655299664,
            "min": 0.011730843223631382,
            "max": 0.023064961656928062,
            "count": 20
        },
        "AICar.Policy.LearningRate.mean": {
            "value": 0.0002747788967099041,
            "min": 0.0002747788967099041,
            "max": 0.00029874048777855933,
            "count": 20
        },
        "AICar.Policy.Epsilon.mean": {
            "value": 0.1915930062532425,
            "min": 0.1915930062532425,
            "max": 0.19958016276359558,
            "count": 20
        },
        "AICar.Policy.Beta.mean": {
            "value": 0.00458048889413476,
            "min": 0.00458048889413476,
            "max": 0.0049790493212640285,
            "count": 20
        },
        "AICar.Environment.EpisodeLength.mean": {
            "value": 1999.0,
            "min": 1999.0,
            "max": 1999.0,
            "count": 8
        },
        "AICar.Environment.CumulativeReward.mean": {
            "value": 55.17886794389536,
            "min": -21.815827468410134,
            "max": 75.32280780375004,
            "count": 9
        },
        "AICar.Policy.ExtrinsicReward.mean": {
            "value": 55.17886794389536,
            "min": -21.815827468410134,
            "max": 75.32280780375004,
            "count": 9
        }
    },
    "metadata": {
        "timer_format_version": "0.1.0",
        "start_time_seconds": "1604085856",
        "python_version": "3.7.9 (default, Aug 31 2020, 17:10:11) [MSC v.1916 64 bit (AMD64)]",
        "command_line_arguments": "D:\\missp\\Anaconda\\envs\\carAgent1.0\\Scripts\\mlagents-learn ./trainer_config.yaml --run-id carNew17",
        "mlagents_version": "0.21.0",
        "mlagents_envs_version": "0.21.0",
        "communication_protocol_version": "1.2.0",
        "tensorflow_version": "2.3.1",
        "numpy_version": "1.19.2",
        "end_time_seconds": "1604086273"
    },
    "total": 417.0763317,
    "count": 1,
    "self": 0.006539099999997688,
    "children": {
        "run_training.setup": {
            "total": 0.008118699999999812,
            "count": 1,
            "self": 0.008118699999999812
        },
        "TrainerController.start_learning": {
            "total": 417.0616739,
            "count": 1,
            "self": 0.4860132999985467,
            "children": {
                "TrainerController._reset_env": {
                    "total": 9.4680794,
                    "count": 1,
                    "self": 9.4680794
                },
                "TrainerController.advance": {
                    "total": 406.54897590000144,
                    "count": 18201,
                    "self": 0.2564600000036421,
                    "children": {
                        "env_step": {
                            "total": 406.2925158999978,
                            "count": 18201,
                            "self": 384.59585529999885,
                            "children": {
                                "SubprocessEnvManager._take_step": {
                                    "total": 21.446025099998735,
                                    "count": 18201,
                                    "self": 0.6955668999989086,
                                    "children": {
                                        "TFPolicy.evaluate": {
                                            "total": 20.750458199999827,
                                            "count": 18201,
                                            "self": 20.750458199999827
                                        }
                                    }
                                },
                                "workers": {
                                    "total": 0.2506355000001914,
                                    "count": 18200,
                                    "self": 0.0,
                                    "children": {
                                        "worker_root": {
                                            "total": 407.7831379000006,
                                            "count": 18200,
                                            "is_parallel": true,
                                            "self": 76.10062200000198,
                                            "children": {
                                                "steps_from_proto": {
                                                    "total": 0.001494199999999779,
                                                    "count": 1,
                                                    "is_parallel": true,
                                                    "self": 0.00015810000000193725,
                                                    "children": {
                                                        "_process_vector_observation": {
                                                            "total": 0.0013360999999978418,
                                                            "count": 8,
                                                            "is_parallel": true,
                                                            "self": 0.0013360999999978418
                                                        }
                                                    }
                                                },
                                                "UnityEnvironment.step": {
                                                    "total": 331.6810216999986,
                                                    "count": 18200,
                                                    "is_parallel": true,
                                                    "self": 5.539718999998229,
                                                    "children": {
                                                        "UnityEnvironment._generate_step_input": {
                                                            "total": 4.3096613999987685,
                                                            "count": 18200,
                                                            "is_parallel": true,
                                                            "self": 4.3096613999987685
                                                        },
                                                        "communicator.exchange": {
                                                            "total": 296.41388160000116,
                                                            "count": 18200,
                                                            "is_parallel": true,
                                                            "self": 296.41388160000116
                                                        },
                                                        "steps_from_proto": {
                                                            "total": 25.417759700000417,
                                                            "count": 18200,
                                                            "is_parallel": true,
                                                            "self": 2.57853359999989,