{
    "name": "root",
    "gauges": {
        "AICar.Policy.Entropy.mean": {
            "value": 1.4008657932281494,
            "min": 1.4008657932281494,
            "max": 1.4197221994400024,
            "count": 81
        },
        "AICar.Policy.ExtrinsicValueEstimate.mean": {
            "value": 0.2544128894805908,
            "min": -0.39382699131965637,
            "max": 4.2601094245910645,
            "count": 81
        },
        "AICar.IsTraining.mean": {
            "value": 1.0,
            "min": 1.0,
            "max": 1.0,
            "count": 81
        },
        "AICar.Losses.ValueLoss.mean": {
            "value": 0.4814002811908722,
            "min": 0.3333819508552551,
            "max": 0.7494688034057617,
            "count": 38
        },
        "AICar.Losses.PolicyLoss.mean": {
            "value": 0.019007842987775803,
            "min": 0.012852073647081852,
            "max": 0.02140730246901512,
            "count": 38
        },
        "AICar.Policy.LearningRate.mean": {
            "value": 0.00025192322209477425,
            "min": 0.00025192322209477425,
            "max": 0.00029874048777855933,
            "count": 38
        },
        "AICar.Policy.Epsilon.mean": {
            "value": 0.18397437036037445,
            "min": 0.18397437036037445,
            "max": 0.19958016276359558,
            "count": 38
        },
        "AICar.Policy.Beta.mean": {
            "value": 0.004200323019176722,
            "min": 0.004200323019176722,
            "max": 0.0049790493212640285,
            "count": 38
        },
        "AICar.Environment.EpisodeLength.mean": {
            "value": 1999.0,
            "min": 1999.0,
            "max": 1999.0,
            "count": 16
        },
        "AICar.Environment.CumulativeReward.mean": {
            "value": 51.54192591148118,
            "min": -60.299994468688965,
            "max": 94.84939002990723,
            "count": 19
        },
        "AICar.Policy.ExtrinsicReward.mean": {
            "value": 51.54192591148118,
            "min": -60.299994468688965,
            "max": 94.84939002990723,
            "count": 19
        }
    },
    "metadata": {
        "timer_format_version": "0.1.0",
        "start_time_seconds": "1604081091",
        "python_version": "3.7.9 (default, Aug 31 2020, 17:10:11) [MSC v.1916 64 bit (AMD64)]",
        "command_line_arguments": "D:\\missp\\Anaconda\\envs\\carAgent1.0\\Scripts\\mlagents-learn ./trainer_config.yaml --run-id carNew11",
        "mlagents_version": "0.21.0",
        "mlagents_envs_version": "0.21.0",
        "communication_protocol_version": "1.2.0",
        "tensorflow_version": "2.3.1",
        "numpy_version": "1.19.2",
        "end_time_seconds": "1604081871"
    },
    "total": 779.7661037,
    "count": 1,
    "self": 0.007241800000088006,
    "children": {
        "run_training.setup": {
            "total": 0.008251900000000312,
            "count": 1,
            "self": 0.008251900000000312
        },
        "TrainerController.start_learning": {
            "total": 779.7506099999999,
            "count": 1,
            "self": 0.9150962000048821,
            "children": {
                "TrainerController._reset_env": {
                    "total": 10.2507266,
                    "count": 1,
                    "self": 10.2507266
                },
                "TrainerController.advance": {
                    "total": 768.1466746999951,
                    "count": 33879,
                    "self": 0.48591690000250765,
                    "children": {
                        "env_step": {
                            "total": 767.6607577999926,
                            "count": 33879,
                            "self": 728.1536028999872,
                            "children": {
                                "SubprocessEnvManager._take_step": {
                                    "total": 39.04357730000436,
                                    "count": 33879,
                                    "self": 1.3081609000104208,
                                    "children": {
                                        "TFPolicy.evaluate": {
                                            "total": 37.73541639999394,
                                            "count": 33879,
                                            "self": 37.73541639999394
                                        }
                                    }
                                },
                                "workers": {
                                    "total": 0.4635776000010665,
                                    "count": 33878,
                                    "self": 0.0,
                                    "children": {
                                        "worker_root": {
                                            "total": 769.4718103000016,
                                            "count": 33878,
                                            "is_parallel": true,
                                            "self": 137.8595671000072,
                                            "children": {
                                                "steps_from_proto": {
                                                    "total": 0.0017297000000002782,
                                                    "count": 1,
                                                    "is_parallel": true,
                                                    "self": 0.00019190000000612883,
                                                    "children": {
                                                        "_process_vector_observation": {
                                                            "total": 0.0015377999999941494,
                                                            "count": 8,
                                                            "is_parallel": true,
                                                            "self": 0.0015377999999941494
                                                        }
                                                    }
                                                },
                                                "UnityEnvironment.step": {
                                                    "total": 631.6105134999943,
                                                    "count": 33878,
                                                    "is_parallel": true,
                                                    "self": 10.647516099996324,
                                                    "children": {
                                                        "UnityEnvironment._generate_step_input": {
                                                            "total": 7.973164000001445,
                                                            "count": 33878,
                                                            "is_parallel": true,
                                                            "self": 7.973164000001445
                                                        },
                                                        "communicator.exchange": {
                                                            "total": 567.9833537999958,
                                                            "count": 33878,
                                                            "is_parallel": true,
                                                            "self": 567.9833537999958
                                                        },
                                                        "steps_from_proto": {
                                                            "total": 45.006479600000745,
                                                            "count": 33878,
                                                            "is_parallel": true,
                                                            "self": 4.732290699976588,