{
    "name": "root",
    "gauges": {
        "AICar.Policy.Entropy.mean": {
            "value": 1.4229934215545654,
            "min": 1.4189382791519165,
            "max": 1.4254932403564453,
            "count": 36
        },
        "AICar.Policy.ExtrinsicValueEstimate.mean": {
            "value": 2.743618965148926,
            "min": 0.06461580842733383,
            "max": 2.82092547416687,
            "count": 36
        },
        "AICar.IsTraining.mean": {
            "value": 1.0,
            "min": 1.0,
            "max": 1.0,
            "count": 36
        },
        "AICar.Losses.ValueLoss.mean": {
            "value": 0.052595727145671844,
            "min": 0.023574190214276314,
            "max": 0.11486982554197311,
            "count": 16
        },
        "AICar.Losses.PolicyLoss.mean": {
            "value": 0.018393252044916153,
            "min": 0.01304657757282257,
            "max": 0.02327038161456585,
            "count": 16
        },
        "AICar.Policy.LearningRate.mean": {
            "value": 0.0002796557091642171,
            "min": 0.0002796557091642171,
            "max": 0.00029874048777855933,
            "count": 16
        },
        "AICar.Policy.Epsilon.mean": {
            "value": 0.19321857392787933,
            "min": 0.19321857392787933,
            "max": 0.19958016276359558,
            "count": 16
        },
        "AICar.Policy.Beta.mean": {
            "value": 0.004661605693399906,
            "min": 0.004661605693399906,
            "max": 0.0049790493212640285,
            "count": 16
        },
        "AICar.Environment.EpisodeLength.mean": {
            "value": 1999.0,
            "min": 1999.0,
            "max": 1999.0,
            "count": 8
        },
        "AICar.Environment.CumulativeReward.mean": {
            "value": 70.93136371672153,
            "min": 53.87738904616107,
            "max": 84.91999530792236,
            "count": 8
        },
        "AICar.Policy.ExtrinsicReward.mean": {
            "value": 70.93136371672153,
            "min": 53.87738904616107,
            "max": 84.91999530792236,
            "count": 8
        }
    },
    "metadata": {
        "timer_format_version": "0.1.0",
        "start_time_seconds": "1604085442",
        "python_version": "3.7.9 (default, Aug 31 2020, 17:10:11) [MSC v.1916 64 bit (AMD64)]",
        "command_line_arguments": "D:\\missp\\Anaconda\\envs\\carAgent1.0\\Scripts\\mlagents-learn ./trainer_config.yaml --run-id carNew16",
        "mlagents_version": "0.21.0",
        "mlagents_envs_version": "0.21.0",
        "communication_protocol_version": "1.2.0",
        "tensorflow_version": "2.3.1",
        "numpy_version": "1.19.2",
        "end_time_seconds": "1604085781"
    },
    "total": 339.19572550000004,
    "count": 1,
    "self": 0.044199600000013106,
    "children": {
        "run_training.setup": {
            "total": 0.007925100000000018,
            "count": 1,
            "self": 0.007925100000000018
        },
        "TrainerController.start_learning": {
            "total": 339.1436008,
            "count": 1,
            "self": 1.4213041000010094,
            "children": {
                "TrainerController._reset_env": {
                    "total": 9.573276,
                    "count": 1,
                    "self": 9.573276
                },
                "TrainerController.advance": {
                    "total": 327.28259919999897,
                    "count": 15041,
                    "self": 0.2153809999964551,
                    "children": {
                        "env_step": {
                            "total": 327.0672182000025,
                            "count": 15041,
                            "self": 309.4299611000025,
                            "children": {
                                "SubprocessEnvManager._take_step": {
                                    "total": 17.42768479999814,
                                    "count": 15041,
                                    "self": 0.5622812999989222,
                                    "children": {
                                        "TFPolicy.evaluate": {
                                            "total": 16.865403499999218,
                                            "count": 15041,
                                            "self": 16.865403499999218
                                        }
                                    }
                                },
                                "workers": {
                                    "total": 0.20957230000185234,
                                    "count": 15040,
                                    "self": 0.0,
                                    "children": {
                                        "worker_root": {
                                            "total": 328.51085629999966,
                                            "count": 15040,
                                            "is_parallel": true,
                                            "self": 63.01091759999679,
                                            "children": {
                                                "steps_from_proto": {
                                                    "total": 0.002085600000000909,
                                                    "count": 1,
                                                    "is_parallel": true,
                                                    "self": 0.00015600000000226544,
                                                    "children": {
                                                        "_process_vector_observation": {
                                                            "total": 0.0019295999999986435,
                                                            "count": 8,
                                                            "is_parallel": true,
                                                            "self": 0.0019295999999986435
                                                        }
                                                    }
                                                },
                                                "UnityEnvironment.step": {
                                                    "total": 265.4978531000029,
                                                    "count": 15040,
                                                    "is_parallel": true,
                                                    "self": 4.390782899999749,
                                                    "children": {
                                                        "UnityEnvironment._generate_step_input": {
                                                            "total": 3.484512200003163,
                                                            "count": 15040,
                                                            "is_parallel": true,
                                                            "self": 3.484512200003163
                                                        },
                                                        "communicator.exchange": {
                                                            "total": 237.51248280000007,
                                                            "count": 15040,
                                                            "is_parallel": true,
                                                            "self": 237.51248280000007
                                                        },
                                                        "steps_from_proto": {
                                                            "total": 20.110075199999898,
                                                            "count": 15040,
                                                            "is_parallel": true,
                                                            "self": 2.1089767000047317,