{
    "name": "root",
    "gauges": {
        "AICar.Policy.Entropy.mean": {
            "value": 1.4189382791519165,
            "min": 1.4189382791519165,
            "max": 1.4189382791519165,
            "count": 1
        },
        "AICar.Policy.ExtrinsicValueEstimate.mean": {
            "value": 0.05205444619059563,
            "min": 0.05205444619059563,
            "max": 0.05205444619059563,
            "count": 1
        },
        "AICar.IsTraining.mean": {
            "value": 1.0,
            "min": 1.0,
            "max": 1.0,
            "count": 1
        }
    },
    "metadata": {
        "timer_format_version": "0.1.0",
        "start_time_seconds": "1602961425",
        "python_version": "3.7.9 (default, Aug 31 2020, 17:10:11) [MSC v.1916 64 bit (AMD64)]",
        "command_line_arguments": "D:\\missp\\Anaconda\\envs\\carAgent1.0\\Scripts\\mlagents-learn ./trainer_config.yaml --run-id car_07",
        "mlagents_version": "0.21.0",
        "mlagents_envs_version": "0.21.0",
        "communication_protocol_version": "1.2.0",
        "tensorflow_version": "2.3.1",
        "numpy_version": "1.19.2",
        "end_time_seconds": "1602961452"
    },
    "total": 26.1263917,
    "count": 1,
    "self": 0.0054379999999980555,
    "children": {
        "run_training.setup": {
            "total": 0.008748799999999779,
            "count": 1,
            "self": 0.008748799999999779
        },
        "TrainerController.start_learning": {
            "total": 26.112204900000002,
            "count": 1,
            "self": 0.01848629999997442,
            "children": {
                "TrainerController._reset_env": {
                    "total": 12.6031018,
                    "count": 1,
                    "self": 12.6031018
                },
                "TrainerController.advance": {
                    "total": 12.907200600000028,
                    "count": 657,
                    "self": 0.008904100000004078,
                    "children": {
                        "env_step": {
                            "total": 12.898296500000024,
                            "count": 657,
                            "self": 12.278195600000034,
                            "children": {
                                "SubprocessEnvManager._take_step": {
                                    "total": 0.6119331999999815,
                                    "count": 657,
                                    "self": 0.023854199999981063,
                                    "children": {
                                        "TFPolicy.evaluate": {
                                            "total": 0.5880790000000005,
                                            "count": 657,
                                            "self": 0.5880790000000005
                                        }
                                    }
                                },
                                "workers": {
                                    "total": 0.008167700000008438,
                                    "count": 656,
                                    "self": 0.0,
                                    "children": {
                                        "worker_root": {
                                            "total": 14.303598200000005,
                                            "count": 656,
                                            "is_parallel": true,
                                            "self": 3.096454399999997,
                                            "children": {
                                                "steps_from_proto": {
                                                    "total": 0.0014334999999991993,
                                                    "count": 1,
                                                    "is_parallel": true,
                                                    "self": 0.0001629000000011871,
                                                    "children": {
                                                        "_process_vector_observation": {
                                                            "total": 0.0012705999999980122,
                                                            "count": 8,
                                                            "is_parallel": true,
                                                            "self": 0.0012705999999980122
                                                        }
                                                    }
                                                },
                                                "UnityEnvironment.step": {
                                                    "total": 11.205710300000009,
                                                    "count": 656,
                                                    "is_parallel": true,
                                                    "self": 0.19118189999994506,
                                                    "children": {
                                                        "UnityEnvironment._generate_step_input": {
                                                            "total": 0.14798759999997557,
                                                            "count": 656,
                                                            "is_parallel": true,
                                                            "self": 0.14798759999997557
                                                        },
                                                        "communicator.exchange": {
                                                            "total": 10.00587410000005,
                                                            "count": 656,
                                                            "is_parallel": true,
                                                            "self": 10.00587410000005
                                                        },
                                                        "steps_from_proto": {
                                                            "total": 0.8606667000000385,
                                                            "count": 656,
                                                            "is_parallel": true,
                                                            "self": 0.08989600000000308,
                                                            "children": {
                                                                "_process_vector_observation": {
                                                                    "total": 0.7707707000000354,
                                                                    "count": 5248,
                                                                    "is_parallel": true,
                                                                    "self": 0.7707707000000354
                                                                }
                                                            }
                                                        }
                                                    }
                                                }
                                            }
                                        }
                                    }
                                }
                            }
                        }
                    }
                },
                "trainer_threads": {
                    "total": 2.5399999998398926e-05,
                    "count": 1,
                    "self": 2.5399999998398926e-05,
                    "children": {
                        "thread_root": {
                            "total": 0.0,
                            "count": 0,
                            "is_parallel": true,
                            "self": 0.0,