{
    "name": "root",
    "gauges": {
        "AICar.Policy.Entropy.mean": {
            "value": 1.390438437461853,
            "min": 1.390438437461853,
            "max": 1.4202920198440552,
            "count": 160
        },
        "AICar.Policy.ExtrinsicValueEstimate.mean": {
            "value": 5.660336017608643,
            "min": -0.6967273354530334,
            "max": 7.168915271759033,
            "count": 160
        },
        "AICar.IsTraining.mean": {
            "value": 1.0,
            "min": 1.0,
            "max": 1.0,
            "count": 160
        },
        "AICar.Losses.ValueLoss.mean": {
            "value": 0.6367835998535156,
            "min": 0.30676695704460144,
            "max": 0.9024649858474731,
            "count": 76
        },
        "AICar.Losses.PolicyLoss.mean": {
            "value": 0.013630593195557594,
            "min": 0.01101723313331604,
            "max": 0.024342482909560204,
            "count": 76
        },
        "AICar.Policy.LearningRate.mean": {
            "value": 0.00020403841335792094,
            "min": 0.00020403841335792094,
            "max": 0.00029874048777855933,
            "count": 76
        },
        "AICar.Policy.Epsilon.mean": {
            "value": 0.16801276803016663,
            "min": 0.16801276803016663,
            "max": 0.19958016276359558,
            "count": 76
        },
        "AICar.Policy.Beta.mean": {
            "value": 0.0034038377925753593,
            "min": 0.0034038377925753593,
            "max": 0.0049790493212640285,
            "count": 76
        },
        "AICar.Environment.EpisodeLength.mean": {
            "value": 1999.0,
            "min": 1999.0,
            "max": 1999.0,
            "count": 35
        },
        "AICar.Environment.CumulativeReward.mean": {
            "value": 70.26087764526407,
            "min": 13.691604613947371,
            "max": 150.12947133928537,
            "count": 39
        },
        "AICar.Policy.ExtrinsicReward.mean": {
            "value": 70.26087764526407,
            "min": 13.691604613947371,
            "max": 150.12947133928537,
            "count": 39
        }
    },
    "metadata": {
        "timer_format_version": "0.1.0",
        "start_time_seconds": "1604082234",
        "python_version": "3.7.9 (default, Aug 31 2020, 17:10:11) [MSC v.1916 64 bit (AMD64)]",
        "command_line_arguments": "D:\\missp\\Anaconda\\envs\\carAgent1.0\\Scripts\\mlagents-learn ./trainer_config.yaml --run-id carNew12",
        "mlagents_version": "0.21.0",
        "mlagents_envs_version": "0.21.0",
        "communication_protocol_version": "1.2.0",
        "tensorflow_version": "2.3.1",
        "numpy_version": "1.19.2",
        "end_time_seconds": "1604083703"
    },
    "total": 1468.3225673000002,
    "count": 1,
    "self": 0.005286800000021685,
    "children": {
        "run_training.setup": {
            "total": 0.009172000000000402,
            "count": 1,
            "self": 0.009172000000000402
        },
        "TrainerController.start_learning": {
            "total": 1468.3081085000001,
            "count": 1,
            "self": 1.794709600004353,
            "children": {
                "TrainerController._reset_env": {
                    "total": 9.3468482,
                    "count": 1,
                    "self": 9.3468482
                },
                "TrainerController.advance": {
                    "total": 1456.7954289999955,
                    "count": 66861,
                    "self": 0.9402779000145074,
                    "children": {
                        "env_step": {
                            "total": 1455.855151099981,
                            "count": 66861,
                            "self": 1376.3403801999955,
                            "children": {
                                "SubprocessEnvManager._take_step": {
                                    "total": 78.5983642000027,
                                    "count": 66861,
                                    "self": 2.5564977000144182,
                                    "children": {
                                        "TFPolicy.evaluate": {
                                            "total": 76.04186649998829,
                                            "count": 66861,
                                            "self": 76.04186649998829
                                        }
                                    }
                                },
                                "workers": {
                                    "total": 0.9164066999828098,
                                    "count": 66860,
                                    "self": 0.0,
                                    "children": {
                                        "worker_root": {
                                            "total": 1458.0007342999936,
                                            "count": 66860,
                                            "is_parallel": true,
                                            "self": 275.24171770000703,
                                            "children": {
                                                "steps_from_proto": {
                                                    "total": 0.0017070999999990732,
                                                    "count": 1,
                                                    "is_parallel": true,
                                                    "self": 0.00022739999999998872,
                                                    "children": {
                                                        "_process_vector_observation": {
                                                            "total": 0.0014796999999990845,
                                                            "count": 8,
                                                            "is_parallel": true,
                                                            "self": 0.0014796999999990845
                                                        }
                                                    }
                                                },
                                                "UnityEnvironment.step": {
                                                    "total": 1182.7573094999866,
                                                    "count": 66860,
                                                    "is_parallel": true,
                                                    "self": 19.35594109996009,
                                                    "children": {
                                                        "UnityEnvironment._generate_step_input": {
                                                            "total": 15.207925499987208,
                                                            "count": 66860,
                                                            "is_parallel": true,
                                                            "self": 15.207925499987208
                                                        },
                                                        "communicator.exchange": {
                                                            "total": 1057.1864944000165,
                                                            "count": 66860,
                                                            "is_parallel": true,
                                                            "self": 1057.1864944000165
                                                        },
                                                        "steps_from_proto": {
                                                            "total": 91.00694850002287,
                                                            "count": 66860,
                                                            "is_parallel": true,
                                                            "self": 9.19167800003541,