{
    "name": "root",
    "gauges": {
        "AICar.Policy.Entropy.mean": {
            "value": 1.41519296169281,
            "min": 1.41519296169281,
            "max": 1.418938398361206,
            "count": 17
        },
        "AICar.Policy.ExtrinsicValueEstimate.mean": {
            "value": 2.197711706161499,
            "min": 0.26228469610214233,
            "max": 2.197711706161499,
            "count": 17
        },
        "AICar.IsTraining.mean": {
            "value": 1.0,
            "min": 1.0,
            "max": 1.0,
            "count": 17
        },
        "AICar.Losses.ValueLoss.mean": {
            "value": 0.05448950082063675,
            "min": 0.05448950082063675,
            "max": 0.12464985996484756,
            "count": 7
        },
        "AICar.Losses.PolicyLoss.mean": {
            "value": 0.016566215083003044,
            "min": 0.015638338401913643,
            "max": 0.018381837755441666,
            "count": 7
        },
        "AICar.Policy.LearningRate.mean": {
            "value": 0.00029094525962136686,
            "min": 0.00029094525962136686,
            "max": 0.00029875588370487094,
            "count": 7
        },
        "AICar.Policy.Epsilon.mean": {
            "value": 0.1969817727804184,
            "min": 0.1969817727804184,
            "max": 0.19958530366420746,
            "count": 7
        },
        "AICar.Policy.Beta.mean": {
            "value": 0.004849389661103487,
            "min": 0.004849389661103487,
            "max": 0.004979306366294622,
            "count": 7
        },
        "AICar.Environment.EpisodeLength.mean": {
            "value": 1999.0,
            "min": 1999.0,
            "max": 1999.0,
            "count": 4
        },
        "AICar.Environment.CumulativeReward.mean": {
            "value": 80.06999492645264,
            "min": 68.07666358682845,
            "max": 80.06999492645264,
            "count": 4
        },
        "AICar.Policy.ExtrinsicReward.mean": {
            "value": 80.06999492645264,
            "min": 68.07666358682845,
            "max": 80.06999492645264,
            "count": 4
        }
    },
    "metadata": {
        "timer_format_version": "0.1.0",
        "start_time_seconds": "1604078444",
        "python_version": "3.7.9 (default, Aug 31 2020, 17:10:11) [MSC v.1916 64 bit (AMD64)]",
        "command_line_arguments": "D:\\missp\\Anaconda\\envs\\carAgent1.0\\Scripts\\mlagents-learn ./trainer_config.yaml --run-id carNew04",
        "mlagents_version": "0.21.0",
        "mlagents_envs_version": "0.21.0",
        "communication_protocol_version": "1.2.0",
        "tensorflow_version": "2.3.1",
        "numpy_version": "1.19.2",
        "end_time_seconds": "1604078644"
    },
    "total": 200.0470336,
    "count": 1,
    "self": 0.005670499999979484,
    "children": {
        "run_training.setup": {
            "total": 0.00813229999999976,
            "count": 1,
            "self": 0.00813229999999976
        },
        "TrainerController.start_learning": {
            "total": 200.0332308,
            "count": 1,
            "self": 0.259280299999574,
            "children": {
                "TrainerController._reset_env": {
                    "total": 11.297942599999999,
                    "count": 1,
                    "self": 11.297942599999999
                },
                "TrainerController.advance": {
                    "total": 187.94034130000045,
                    "count": 9811,
                    "self": 0.13383230000044932,
                    "children": {
                        "env_step": {
                            "total": 187.806509,
                            "count": 9811,
                            "self": 178.32256139999964,
                            "children": {
                                "SubprocessEnvManager._take_step": {
                                    "total": 9.351652800000714,
                                    "count": 9811,
                                    "self": 0.33204430000220064,
                                    "children": {
                                        "TFPolicy.evaluate": {
                                            "total": 9.019608499998514,
                                            "count": 9811,
                                            "self": 9.019608499998514
                                        }
                                    }
                                },
                                "workers": {
                                    "total": 0.13229479999963978,
                                    "count": 9810,
                                    "self": 0.0,
                                    "children": {
                                        "worker_root": {
                                            "total": 189.28114110000152,
                                            "count": 9810,
                                            "is_parallel": true,
                                            "self": 32.66527590000314,
                                            "children": {
                                                "steps_from_proto": {
                                                    "total": 0.0013025000000013165,
                                                    "count": 1,
                                                    "is_parallel": true,
                                                    "self": 0.00013860000000320838,
                                                    "children": {
                                                        "_process_vector_observation": {
                                                            "total": 0.0011638999999981081,
                                                            "count": 8,
                                                            "is_parallel": true,
                                                            "self": 0.0011638999999981081
                                                        }
                                                    }
                                                },
                                                "UnityEnvironment.step": {
                                                    "total": 156.61456269999837,
                                                    "count": 9810,
                                                    "is_parallel": true,
                                                    "self": 2.346356099998161,
                                                    "children": {
                                                        "UnityEnvironment._generate_step_input": {
                                                            "total": 1.8153858999995744,
                                                            "count": 9810,
                                                            "is_parallel": true,
                                                            "self": 1.8153858999995744
                                                        },
                                                        "communicator.exchange": {
                                                            "total": 141.61989360000095,
                                                            "count": 9810,
                                                            "is_parallel": true,
                                                            "self": 141.61989360000095
                                                        },
                                                        "steps_from_proto": {
                                                            "total": 10.832927099999695,
                                                            "count": 9810,
                                                            "is_parallel": true,
                                                            "self": 1.3076688000006627,