{
    "name": "root",
    "gauges": {
        "AICar.Policy.Entropy.mean": {
            "value": 1.4125492572784424,
            "min": 1.4124616384506226,
            "max": 1.418938398361206,
            "count": 15
        },
        "AICar.Policy.ExtrinsicValueEstimate.mean": {
            "value": -0.14577627182006836,
            "min": -0.14577627182006836,
            "max": 0.0644531399011612,
            "count": 15
        },
        "AICar.IsTraining.mean": {
            "value": 1.0,
            "min": 1.0,
            "max": 1.0,
            "count": 15
        },
        "AICar.Losses.ValueLoss.mean": {
            "value": 0.00023710903769824654,
            "min": 0.00023710903769824654,
            "max": 0.007916787639260292,
            "count": 7
        },
        "AICar.Losses.PolicyLoss.mean": {
            "value": 0.016190478578209877,
            "min": 0.014589251950383186,
            "max": 0.0225566066801548,
            "count": 7
        },
        "AICar.Policy.LearningRate.mean": {
            "value": 0.0002911757619585842,
            "min": 0.0002911757619585842,
            "max": 0.00029874048777855933,
            "count": 7
        },
        "AICar.Policy.Epsilon.mean": {
            "value": 0.19705858826637268,
            "min": 0.19705858826637268,
            "max": 0.19958016276359558,
            "count": 7
        },
        "AICar.Policy.Beta.mean": {
            "value": 0.004853221122175455,
            "min": 0.004853221122175455,
            "max": 0.0049790493212640285,
            "count": 7
        },
        "AICar.Environment.EpisodeLength.mean": {
            "value": 1999.0,
            "min": 1999.0,
            "max": 1999.0,
            "count": 3
        },
        "AICar.Environment.CumulativeReward.mean": {
            "value": -5.999999865889549,
            "min": -5.999999865889549,
            "max": -5.989999875426292,
            "count": 3
        },
        "AICar.Policy.ExtrinsicReward.mean": {
            "value": -5.999999865889549,
            "min": -5.999999865889549,
            "max": -5.989999875426292,
            "count": 3
        }
    },
    "metadata": {
        "timer_format_version": "0.1.0",
        "start_time_seconds": "1604085117",
        "python_version": "3.7.9 (default, Aug 31 2020, 17:10:11) [MSC v.1916 64 bit (AMD64)]",
        "command_line_arguments": "D:\\missp\\Anaconda\\envs\\carAgent1.0\\Scripts\\mlagents-learn ./trainer_config.yaml --run-id carNew15",
        "mlagents_version": "0.21.0",
        "mlagents_envs_version": "0.21.0",
        "communication_protocol_version": "1.2.0",
        "tensorflow_version": "2.3.1",
        "numpy_version": "1.19.2",
        "end_time_seconds": "1604085263"
    },
    "total": 146.3634228,
    "count": 1,
    "self": 0.005098000000003822,
    "children": {
        "run_training.setup": {
            "total": 0.00905539999999938,
            "count": 1,
            "self": 0.00905539999999938
        },
        "TrainerController.start_learning": {
            "total": 146.3492694,
            "count": 1,
            "self": 0.1811353999993912,
            "children": {
                "TrainerController._reset_env": {
                    "total": 12.181581399999999,
                    "count": 1,
                    "self": 12.181581399999999
                },
                "TrainerController.advance": {
                    "total": 133.4615455000006,
                    "count": 6721,
                    "self": 0.09312880000013024,
                    "children": {
                        "env_step": {
                            "total": 133.36841670000047,
                            "count": 6721,
                            "self": 125.179636100001,
                            "children": {
                                "SubprocessEnvManager._take_step": {
                                    "total": 8.095112099999408,
                                    "count": 6721,
                                    "self": 0.2571272999990697,
                                    "children": {
                                        "TFPolicy.evaluate": {
                                            "total": 7.8379848000003385,
                                            "count": 6721,
                                            "self": 7.8379848000003385
                                        }
                                    }
                                },
                                "workers": {
                                    "total": 0.0936685000000459,
                                    "count": 6720,
                                    "self": 0.0,
                                    "children": {
                                        "worker_root": {
                                            "total": 134.77776869999988,
                                            "count": 6720,
                                            "is_parallel": true,
                                            "self": 27.68002170000007,
                                            "children": {
                                                "steps_from_proto": {
                                                    "total": 0.00149440000000034,
                                                    "count": 1,
                                                    "is_parallel": true,
                                                    "self": 0.00016590000000427096,
                                                    "children": {
                                                        "_process_vector_observation": {
                                                            "total": 0.001328499999996069,
                                                            "count": 8,
                                                            "is_parallel": true,
                                                            "self": 0.001328499999996069
                                                        }
                                                    }
                                                },
                                                "UnityEnvironment.step": {
                                                    "total": 107.09625259999981,
                                                    "count": 6720,
                                                    "is_parallel": true,
                                                    "self": 1.9499263999992849,
                                                    "children": {
                                                        "UnityEnvironment._generate_step_input": {
                                                            "total": 1.529443599999631,
                                                            "count": 6720,
                                                            "is_parallel": true,
                                                            "self": 1.529443599999631
                                                        },
                                                        "communicator.exchange": {
                                                            "total": 94.6463274000007,
                                                            "count": 6720,
                                                            "is_parallel": true,
                                                            "self": 94.6463274000007
                                                        },
                                                        "steps_from_proto": {
                                                            "total": 8.970555200000197,
                                                            "count": 6720,
                                                            "is_parallel": true,
                                                            "self": 0.9373597000008385,