{
    "name": "root",
    "gauges": {
        "AICar.Policy.Entropy.mean": {
            "value": 1.3650962114334106,
            "min": 1.3648720979690552,
            "max": 1.4192498922348022,
            "count": 416
        },
        "AICar.Policy.ExtrinsicValueEstimate.mean": {
            "value": -91.15193176269531,
            "min": -97.14959716796875,
            "max": 0.8308923244476318,
            "count": 416
        },
        "AICar.IsTraining.mean": {
            "value": 1.0,
            "min": 1.0,
            "max": 1.0,
            "count": 416
        },
        "AICar.Losses.ValueLoss.mean": {
            "value": 68.6583480834961,
            "min": 26.025676727294922,
            "max": 593.6795654296875,
            "count": 198
        },
        "AICar.Losses.PolicyLoss.mean": {
            "value": 0.022174613550305367,
            "min": 0.01095739845186472,
            "max": 0.02585068717598915,
            "count": 198
        },
        "AICar.Policy.LearningRate.mean": {
            "value": 5.054217035649344e-05,
            "min": 5.054217035649344e-05,
            "max": 0.00029874048777855933,
            "count": 198
        },
        "AICar.Policy.Epsilon.mean": {
            "value": 0.11684735119342804,
            "min": 0.11684735119342804,
            "max": 0.19958016276359558,
            "count": 198
        },
        "AICar.Policy.Beta.mean": {
            "value": 0.0008506831945851445,
            "min": 0.0008506831945851445,
            "max": 0.0049790493212640285,
            "count": 198
        },
        "AICar.Environment.EpisodeLength.mean": {
            "value": 999.0,
            "min": 999.0,
            "max": 999.0,
            "count": 173
        },
        "AICar.Environment.CumulativeReward.mean": {
            "value": -1152.8545392990113,
            "min": -1970.3001708984375,
            "max": -769.0000534057617,
            "count": 242
        },
        "AICar.Policy.ExtrinsicReward.mean": {
            "value": -1152.8545392990113,
            "min": -1970.3001708984375,
            "max": -769.0000534057617,
            "count": 242
        }
    },
    "metadata": {
        "timer_format_version": "0.1.0",
        "start_time_seconds": "1603028224",
        "python_version": "3.7.9 (default, Aug 31 2020, 17:10:11) [MSC v.1916 64 bit (AMD64)]",
        "command_line_arguments": "D:\\missp\\Anaconda\\envs\\carAgent1.0\\Scripts\\mlagents-learn ./trainer_config.yaml --run-id car_20",
        "mlagents_version": "0.21.0",
        "mlagents_envs_version": "0.21.0",
        "communication_protocol_version": "1.2.0",
        "tensorflow_version": "2.3.1",
        "numpy_version": "1.19.2",
        "end_time_seconds": "1603032544"
    },
    "total": 4320.198032300001,
    "count": 1,
    "self": 0.006516600000395556,
    "children": {
        "run_training.setup": {
            "total": 0.008281299999999714,
            "count": 1,
            "self": 0.008281299999999714
        },
        "TrainerController.start_learning": {
            "total": 4320.1832344,
            "count": 1,
            "self": 4.587347499925272,
            "children": {
                "TrainerController._reset_env": {
                    "total": 11.059421100000002,
                    "count": 1,
                    "self": 11.059421100000002
                },
                "TrainerController.advance": {
                    "total": 4304.037315100076,
                    "count": 173452,
                    "self": 2.3990852000715677,
                    "children": {
                        "env_step": {
                            "total": 4301.638229900004,
                            "count": 173452,
                            "self": 4099.961863600002,
                            "children": {
                                "SubprocessEnvManager._take_step": {
                                    "total": 199.2480639000683,
                                    "count": 173452,
                                    "self": 6.565717500170479,
                                    "children": {
                                        "TFPolicy.evaluate": {
                                            "total": 192.68234639989782,
                                            "count": 173452,
                                            "self": 192.68234639989782
                                        }
                                    }
                                },
                                "workers": {
                                    "total": 2.4283023999335995,
                                    "count": 173451,
                                    "self": 0.0,
                                    "children": {
                                        "worker_root": {
                                            "total": 4304.91202830009,
                                            "count": 173451,
                                            "is_parallel": true,
                                            "self": 706.8669278001171,
                                            "children": {
                                                "steps_from_proto": {
                                                    "total": 0.0015553999999990964,
                                                    "count": 1,
                                                    "is_parallel": true,
                                                    "self": 0.00015009999999904267,
                                                    "children": {
                                                        "_process_vector_observation": {
                                                            "total": 0.0014053000000000537,
                                                            "count": 8,
                                                            "is_parallel": true,
                                                            "self": 0.0014053000000000537
                                                        }
                                                    }
                                                },
                                                "UnityEnvironment.step": {
                                                    "total": 3598.043545099973,
                                                    "count": 173451,
                                                    "is_parallel": true,
                                                    "self": 51.21331110003848,
                                                    "children": {
                                                        "UnityEnvironment._generate_step_input": {
                                                            "total": 41.3268509999482,
                                                            "count": 173451,
                                                            "is_parallel": true,
                                                            "self": 41.3268509999482
                                                        },
                                                        "communicator.exchange": {
                                                            "total": 3273.467516799987,
                                                            "count": 173451,
                                                            "is_parallel": true,
                                                            "self": 3273.467516799987
                                                        },
                                                        "steps_from_proto": {
                                                            "total": 232.03586619999908,
                                                            "count": 173451,
                                                            "is_parallel": true,