{
    "name": "root",
    "gauges": {
        "AICar.Policy.Entropy.mean": {
            "value": 1.4076002836227417,
            "min": 1.4050920009613037,
            "max": 1.4213999509811401,
            "count": 109
        },
        "AICar.Policy.ExtrinsicValueEstimate.mean": {
            "value": 3.6341893672943115,
            "min": -0.4608743488788605,
            "max": 5.820642948150635,
            "count": 109
        },
        "AICar.IsTraining.mean": {
            "value": 1.0,
            "min": 1.0,
            "max": 1.0,
            "count": 109
        },
        "AICar.Losses.ValueLoss.mean": {
            "value": 0.43273302912712097,
            "min": 0.09878015518188477,
            "max": 0.5126457214355469,
            "count": 51
        },
        "AICar.Losses.PolicyLoss.mean": {
            "value": 0.02031720243394375,
            "min": 0.010804933495819569,
            "max": 0.02454439178109169,
            "count": 51
        },
        "AICar.Policy.LearningRate.mean": {
            "value": 0.0002353805466555059,
            "min": 0.0002353805466555059,
            "max": 0.00029874048777855933,
            "count": 51
        },
        "AICar.Policy.Epsilon.mean": {
            "value": 0.17846015095710754,
            "min": 0.17846015095710754,
            "max": 0.19958016276359558,
            "count": 51
        },
        "AICar.Policy.Beta.mean": {
            "value": 0.003925161436200142,
            "min": 0.003925161436200142,
            "max": 0.0049790493212640285,
            "count": 51
        },
        "AICar.Environment.EpisodeLength.mean": {
            "value": 1999.0,
            "min": 1999.0,
            "max": 1999.0,
            "count": 24
        },
        "AICar.Environment.CumulativeReward.mean": {
            "value": 64.45148016357173,
            "min": 14.470246091485023,
            "max": 148.31925593316555,
            "count": 26
        },
        "AICar.Policy.ExtrinsicReward.mean": {
            "value": 64.45148016357173,
            "min": 14.470246091485023,
            "max": 148.31925593316555,
            "count": 26
        }
    },
    "metadata": {
        "timer_format_version": "0.1.0",
        "start_time_seconds": "1604083923",
        "python_version": "3.7.9 (default, Aug 31 2020, 17:10:11) [MSC v.1916 64 bit (AMD64)]",
        "command_line_arguments": "D:\\missp\\Anaconda\\envs\\carAgent1.0\\Scripts\\mlagents-learn ./trainer_config.yaml --run-id carNew14",
        "mlagents_version": "0.21.0",
        "mlagents_envs_version": "0.21.0",
        "communication_protocol_version": "1.2.0",
        "tensorflow_version": "2.3.1",
        "numpy_version": "1.19.2",
        "end_time_seconds": "1604084948"
    },
    "total": 1024.7357072999998,
    "count": 1,
    "self": 0.007411099999899307,
    "children": {
        "run_training.setup": {
            "total": 0.008771000000000306,
            "count": 1,
            "self": 0.008771000000000306
        },
        "TrainerController.start_learning": {
            "total": 1024.7195252,
            "count": 1,
            "self": 1.2196480999982668,
            "children": {
                "TrainerController._reset_env": {
                    "total": 9.298223100000001,
                    "count": 1,
                    "self": 9.298223100000001
                },
                "TrainerController.advance": {
                    "total": 1013.670461100002,
                    "count": 45627,
                    "self": 0.644137400004297,
                    "children": {
                        "env_step": {
                            "total": 1013.0263236999976,
                            "count": 45627,
                            "self": 958.6477175999902,
                            "children": {
                                "SubprocessEnvManager._take_step": {
                                    "total": 53.75947390000918,
                                    "count": 45627,
                                    "self": 1.7071269000169593,
                                    "children": {
                                        "TFPolicy.evaluate": {
                                            "total": 52.052346999992224,
                                            "count": 45627,
                                            "self": 52.052346999992224
                                        }
                                    }
                                },
                                "workers": {
                                    "total": 0.6191321999982975,
                                    "count": 45626,
                                    "self": 0.0,
                                    "children": {
                                        "worker_root": {
                                            "total": 1014.8303813000117,
                                            "count": 45626,
                                            "is_parallel": true,
                                            "self": 185.03779430001543,
                                            "children": {
                                                "steps_from_proto": {
                                                    "total": 0.0016869000000001577,
                                                    "count": 1,
                                                    "is_parallel": true,
                                                    "self": 0.0001942999999995365,
                                                    "children": {
                                                        "_process_vector_observation": {
                                                            "total": 0.0014926000000006212,
                                                            "count": 8,
                                                            "is_parallel": true,
                                                            "self": 0.0014926000000006212
                                                        }
                                                    }
                                                },
                                                "UnityEnvironment.step": {
                                                    "total": 829.7909000999963,
                                                    "count": 45626,
                                                    "is_parallel": true,
                                                    "self": 13.613423200006082,
                                                    "children": {
                                                        "UnityEnvironment._generate_step_input": {
                                                            "total": 10.777289499992584,
                                                            "count": 45626,
                                                            "is_parallel": true,
                                                            "self": 10.777289499992584
                                                        },
                                                        "communicator.exchange": {
                                                            "total": 743.1406100000042,
                                                            "count": 45626,
                                                            "is_parallel": true,
                                                            "self": 743.1406100000042
                                                        },
                                                        "steps_from_proto": {
                                                            "total": 62.25957739999342,
                                                            "count": 45626,
                                                            "is_parallel": true,
                                                            "self": 6.309145599982244,