{
    "name": "root",
    "gauges": {
        "AICar.Policy.Entropy.mean": {
            "value": 1.3971316814422607,
            "min": 1.3964060544967651,
            "max": 1.4215761423110962,
            "count": 141
        },
        "AICar.Policy.ExtrinsicValueEstimate.mean": {
            "value": 4.401608943939209,
            "min": -1.1655371189117432,
            "max": 6.382246017456055,
            "count": 141
        },
        "AICar.IsTraining.mean": {
            "value": 1.0,
            "min": 1.0,
            "max": 1.0,
            "count": 141
        },
        "AICar.Losses.ValueLoss.mean": {
            "value": 0.705053448677063,
            "min": 0.40418654680252075,
            "max": 0.8694043755531311,
            "count": 65
        },
        "AICar.Losses.PolicyLoss.mean": {
            "value": 0.019501451402902603,
            "min": 0.01094428077340126,
            "max": 0.024826351553201675,
            "count": 65
        },
        "AICar.Policy.LearningRate.mean": {
            "value": 0.00021584649221040308,
            "min": 0.00021584649221040308,
            "max": 0.00029875588370487094,
            "count": 65
        },
        "AICar.Policy.Epsilon.mean": {
            "value": 0.17194883525371552,
            "min": 0.17194883525371552,
            "max": 0.19958530366420746,
            "count": 65
        },
        "AICar.Policy.Beta.mean": {
            "value": 0.003600245574489236,
            "min": 0.003600245574489236,
            "max": 0.004979306366294622,
            "count": 65
        },
        "AICar.Environment.EpisodeLength.mean": {
            "value": 1999.0,
            "min": 1999.0,
            "max": 1999.0,
            "count": 39
        },
        "AICar.Environment.CumulativeReward.mean": {
            "value": 58.63755806618266,
            "min": -122.86999109387398,
            "max": 167.05838486552238,
            "count": 46
        },
        "AICar.Policy.ExtrinsicReward.mean": {
            "value": 58.63755806618266,
            "min": -122.86999109387398,
            "max": 167.05838486552238,
            "count": 46
        }
    },
    "metadata": {
        "timer_format_version": "0.1.0",
        "start_time_seconds": "1604075635",
        "python_version": "3.7.9 (default, Aug 31 2020, 17:10:11) [MSC v.1916 64 bit (AMD64)]",
        "command_line_arguments": "D:\\missp\\Anaconda\\envs\\carAgent1.0\\Scripts\\mlagents-learn ./trainer_config.yaml --run-id carNew01",
        "mlagents_version": "0.21.0",
        "mlagents_envs_version": "0.21.0",
        "communication_protocol_version": "1.2.0",
        "tensorflow_version": "2.3.1",
        "numpy_version": "1.19.2",
        "end_time_seconds": "1604077223"
    },
    "total": 1588.3141329,
    "count": 1,
    "self": 0.40291519999982484,
    "children": {
        "run_training.setup": {
            "total": 0.18391859999999838,
            "count": 1,
            "self": 0.18391859999999838
        },
        "TrainerController.start_learning": {
            "total": 1587.7272991000002,
            "count": 1,
            "self": 2.1095425999840245,
            "children": {
                "TrainerController._reset_env": {
                    "total": 10.6874422,
                    "count": 1,
                    "self": 10.6874422
                },
                "TrainerController.advance": {
                    "total": 1574.3852706000162,
                    "count": 78697,
                    "self": 1.0735153000250648,
                    "children": {
                        "env_step": {
                            "total": 1573.311755299991,
                            "count": 78697,
                            "self": 1492.248473899988,
                            "children": {
                                "SubprocessEnvManager._take_step": {
                                    "total": 79.99680790002044,
                                    "count": 78697,
                                    "self": 2.6636086999979085,
                                    "children": {
                                        "TFPolicy.evaluate": {
                                            "total": 77.33319920002253,
                                            "count": 78697,
                                            "self": 77.33319920002253
                                        }
                                    }
                                },
                                "workers": {
                                    "total": 1.0664734999824788,
                                    "count": 78696,
                                    "self": 0.0,
                                    "children": {
                                        "worker_root": {
                                            "total": 1576.9583931000373,
                                            "count": 78696,
                                            "is_parallel": true,
                                            "self": 257.5509232000529,
                                            "children": {
                                                "steps_from_proto": {
                                                    "total": 0.0015423999999999438,
                                                    "count": 1,
                                                    "is_parallel": true,
                                                    "self": 0.00015239999999749898,
                                                    "children": {
                                                        "_process_vector_observation": {
                                                            "total": 0.0013900000000024448,
                                                            "count": 8,
                                                            "is_parallel": true,
                                                            "self": 0.0013900000000024448
                                                        }
                                                    }
                                                },
                                                "UnityEnvironment.step": {
                                                    "total": 1319.4059274999843,
                                                    "count": 78696,
                                                    "is_parallel": true,
                                                    "self": 18.754400199979955,
                                                    "children": {
                                                        "UnityEnvironment._generate_step_input": {
                                                            "total": 15.00376099998589,
                                                            "count": 78696,
                                                            "is_parallel": true,
                                                            "self": 15.00376099998589
                                                        },
                                                        "communicator.exchange": {
                                                            "total": 1198.5440036999819,
                                                            "count": 78696,
                                                            "is_parallel": true,
                                                            "self": 1198.5440036999819
                                                        },
                                                        "steps_from_proto": {
                                                            "total": 87.10376260003649,
                                                            "count": 78696,
                                                            "is_parallel": true,
                                                            "self": 10.43184600003579,