{
    "name": "root",
    "gauges": {
        "AICar.Policy.Entropy.mean": {
            "value": 1.4188307523727417,
            "min": 1.418387770652771,
            "max": 1.4221198558807373,
            "count": 29
        },
        "AICar.Policy.ExtrinsicValueEstimate.mean": {
            "value": 3.765770673751831,
            "min": -0.041784532368183136,
            "max": 3.8147993087768555,
            "count": 29
        },
        "AICar.IsTraining.mean": {
            "value": 1.0,
            "min": 1.0,
            "max": 1.0,
            "count": 29
        },
        "AICar.Losses.ValueLoss.mean": {
            "value": 2.186915159225464,
            "min": 0.834582507610321,
            "max": 2.693610668182373,
            "count": 13
        },
        "AICar.Losses.PolicyLoss.mean": {
            "value": 0.013128245249390602,
            "min": 0.013128245249390602,
            "max": 0.02201320044696331,
            "count": 13
        },
        "AICar.Policy.LearningRate.mean": {
            "value": 0.0002836378407664597,
            "min": 0.0002836378407664597,
            "max": 0.00029874048777855933,
            "count": 13
        },
        "AICar.Policy.Epsilon.mean": {
            "value": 0.1945458948612213,
            "min": 0.1945458948612213,
            "max": 0.19958016276359558,
            "count": 13
        },
        "AICar.Policy.Beta.mean": {
            "value": 0.004727841354906559,
            "min": 0.004727841354906559,
            "max": 0.0049790493212640285,
            "count": 13
        },
        "AICar.Environment.EpisodeLength.mean": {
            "value": 999.0,
            "min": 999.0,
            "max": 999.0,
            "count": 12
        },
        "AICar.Environment.CumulativeReward.mean": {
            "value": 96.36552609875798,
            "min": 45.356558945029974,
            "max": 106.69373949368794,
            "count": 16
        },
        "AICar.Policy.ExtrinsicReward.mean": {
            "value": 96.36552609875798,
            "min": 45.356558945029974,
            "max": 106.69373949368794,
            "count": 16
        }
    },
    "metadata": {
        "timer_format_version": "0.1.0",
        "start_time_seconds": "1602960940",
        "python_version": "3.7.9 (default, Aug 31 2020, 17:10:11) [MSC v.1916 64 bit (AMD64)]",
        "command_line_arguments": "D:\\missp\\Anaconda\\envs\\carAgent1.0\\Scripts\\mlagents-learn ./trainer_config.yaml --run-id car_05",
        "mlagents_version": "0.21.0",
        "mlagents_envs_version": "0.21.0",
        "communication_protocol_version": "1.2.0",
        "tensorflow_version": "2.3.1",
        "numpy_version": "1.19.2",
        "end_time_seconds": "1602961211"
    },
    "total": 270.1992234,
    "count": 1,
    "self": 0.0081871999999521,
    "children": {
        "run_training.setup": {
            "total": 0.0084430000000002,
            "count": 1,
            "self": 0.0084430000000002
        },
        "TrainerController.start_learning": {
            "total": 270.18259320000004,
            "count": 1,
            "self": 1.2546161999987362,
            "children": {
                "TrainerController._reset_env": {
                    "total": 9.2991618,
                    "count": 1,
                    "self": 9.2991618
                },
                "TrainerController.advance": {
                    "total": 259.1316061000013,
                    "count": 12307,
                    "self": 0.16834830000027523,
                    "children": {
                        "env_step": {
                            "total": 258.96325780000103,
                            "count": 12307,
                            "self": 244.44324829999843,
                            "children": {
                                "SubprocessEnvManager._take_step": {
                                    "total": 14.350947900000573,
                                    "count": 12307,
                                    "self": 0.46290399999955945,
                                    "children": {
                                        "TFPolicy.evaluate": {
                                            "total": 13.888043900001014,
                                            "count": 12307,
                                            "self": 13.888043900001014
                                        }
                                    }
                                },
                                "workers": {
                                    "total": 0.16906160000202952,
                                    "count": 12306,
                                    "self": 0.0,
                                    "children": {
                                        "worker_root": {
                                            "total": 260.42643549999957,
                                            "count": 12306,
                                            "is_parallel": true,
                                            "self": 49.79809869999809,
                                            "children": {
                                                "steps_from_proto": {
                                                    "total": 0.001599800000000151,
                                                    "count": 1,
                                                    "is_parallel": true,
                                                    "self": 0.00015949999999786968,
                                                    "children": {
                                                        "_process_vector_observation": {
                                                            "total": 0.0014403000000022814,
                                                            "count": 8,
                                                            "is_parallel": true,
                                                            "self": 0.0014403000000022814
                                                        }
                                                    }
                                                },
                                                "UnityEnvironment.step": {
                                                    "total": 210.62673700000147,
                                                    "count": 12306,
                                                    "is_parallel": true,
                                                    "self": 3.7268247999964785,
                                                    "children": {
                                                        "UnityEnvironment._generate_step_input": {
                                                            "total": 2.940088400002491,
                                                            "count": 12306,
                                                            "is_parallel": true,
                                                            "self": 2.940088400002491
                                                        },
                                                        "communicator.exchange": {
                                                            "total": 187.39136540000192,
                                                            "count": 12306,
                                                            "is_parallel": true,
                                                            "self": 187.39136540000192
                                                        },
                                                        "steps_from_proto": {
                                                            "total": 16.568458400000594,
                                                            "count": 12306,
                                                            "is_parallel": true,
                                                            "self": 1.7362383999969815,