{
    "name": "root",
    "gauges": {
        "AICar.Policy.Entropy.mean": {
            "value": 1.4171916246414185,
            "min": 1.4171916246414185,
            "max": 1.4221357107162476,
            "count": 13
        },
        "AICar.Policy.ExtrinsicValueEstimate.mean": {
            "value": 1.5149762630462646,
            "min": -0.14204451441764832,
            "max": 1.5149762630462646,
            "count": 13
        },
        "AICar.IsTraining.mean": {
            "value": 1.0,
            "min": 1.0,
            "max": 1.0,
            "count": 13
        },
        "AICar.Losses.ValueLoss.mean": {
            "value": 0.06366492062807083,
            "min": 0.06366492062807083,
            "max": 0.13890011608600616,
            "count": 6
        },
        "AICar.Losses.PolicyLoss.mean": {
            "value": 0.01588592864573002,
            "min": 0.01588592864573002,
            "max": 0.01909198798239231,
            "count": 6
        },
        "AICar.Policy.LearningRate.mean": {
            "value": 0.00029242754681035876,
            "min": 0.00029242754681035876,
            "max": 0.00029874048777855933,
            "count": 6
        },
        "AICar.Policy.Epsilon.mean": {
            "value": 0.197475865483284,
            "min": 0.197475865483284,
            "max": 0.19958016276359558,
            "count": 6
        },
        "AICar.Policy.Beta.mean": {
            "value": 0.00487404502928257,
            "min": 0.00487404502928257,
            "max": 0.0049790493212640285,
            "count": 6
        },
        "AICar.Environment.EpisodeLength.mean": {
            "value": 1999.0,
            "min": 1999.0,
            "max": 1999.0,
            "count": 2
        },
        "AICar.Environment.CumulativeReward.mean": {
            "value": 62.84227571884791,
            "min": 60.559997414549194,
            "max": 62.84227571884791,
            "count": 2
        },
        "AICar.Policy.ExtrinsicReward.mean": {
            "value": 62.84227571884791,
            "min": 60.559997414549194,
            "max": 62.84227571884791,
            "count": 2
        }
    },
    "metadata": {
        "timer_format_version": "0.1.0",
        "start_time_seconds": "1604079241",
        "python_version": "3.7.9 (default, Aug 31 2020, 17:10:11) [MSC v.1916 64 bit (AMD64)]",
        "command_line_arguments": "D:\\missp\\Anaconda\\envs\\carAgent1.0\\Scripts\\mlagents-learn ./trainer_config.yaml --run-id carNew06",
        "mlagents_version": "0.21.0",
        "mlagents_envs_version": "0.21.0",
        "communication_protocol_version": "1.2.0",
        "tensorflow_version": "2.3.1",
        "numpy_version": "1.19.2",
        "end_time_seconds": "1604079377"
    },
    "total": 135.9079047,
    "count": 1,
    "self": 0.0049168999999835705,
    "children": {
        "run_training.setup": {
            "total": 0.008051700000000217,
            "count": 1,
            "self": 0.008051700000000217
        },
        "TrainerController.start_learning": {
            "total": 135.8949361,
            "count": 1,
            "self": 0.15950850000001537,
            "children": {
                "TrainerController._reset_env": {
                    "total": 9.1807727,
                    "count": 1,
                    "self": 9.1807727
                },
                "TrainerController.advance": {
                    "total": 126.00695719999999,
                    "count": 5681,
                    "self": 0.08398120000033771,
                    "children": {
                        "env_step": {
                            "total": 125.92297599999965,
                            "count": 5681,
                            "self": 119.0173494,
                            "children": {
                                "SubprocessEnvManager._take_step": {
                                    "total": 6.827357399999656,
                                    "count": 5681,
                                    "self": 0.22638020000040804,
                                    "children": {
                                        "TFPolicy.evaluate": {
                                            "total": 6.600977199999248,
                                            "count": 5681,
                                            "self": 6.600977199999248
                                        }
                                    }
                                },
                                "workers": {
                                    "total": 0.07826919999999227,
                                    "count": 5680,
                                    "self": 0.0,
                                    "children": {
                                        "worker_root": {
                                            "total": 127.30972340000064,
                                            "count": 5680,
                                            "is_parallel": true,
                                            "self": 24.4917216000007,
                                            "children": {
                                                "steps_from_proto": {
                                                    "total": 0.0014739999999999753,
                                                    "count": 1,
                                                    "is_parallel": true,
                                                    "self": 0.00017449999999907817,
                                                    "children": {
                                                        "_process_vector_observation": {
                                                            "total": 0.0012995000000008972,
                                                            "count": 8,
                                                            "is_parallel": true,
                                                            "self": 0.0012995000000008972
                                                        }
                                                    }
                                                },
                                                "UnityEnvironment.step": {
                                                    "total": 102.81652779999993,
                                                    "count": 5680,
                                                    "is_parallel": true,
                                                    "self": 1.758491799999888,
                                                    "children": {
                                                        "UnityEnvironment._generate_step_input": {
                                                            "total": 1.4089544999999912,
                                                            "count": 5680,
                                                            "is_parallel": true,
                                                            "self": 1.4089544999999912
                                                        },
                                                        "communicator.exchange": {
                                                            "total": 91.48771899999979,
                                                            "count": 5680,
                                                            "is_parallel": true,
                                                            "self": 91.48771899999979
                                                        },
                                                        "steps_from_proto": {
                                                            "total": 8.16136250000027,
                                                            "count": 5680,
                                                            "is_parallel": true,
                                                            "self": 0.8391945000017849,