{"cameraMode":{"drawMode":0,"name":"Shaded","section":"Shading Mode"},"sceneLighting":true,"audioPlay":false,"sceneViewState":{"showFog":true,"showMaterialUpdate":false,"showSkybox":true,"showFlares":true,"showImageEffects":true,"showParticleSystems":true},"in2DMode":false,"pivot":{"x":1176.423583984375,"y":361.0516357421875,"z":-636.9413452148438},"rotation":{"x":-0.08414581418037415,"y":-0.6159207224845886,"z":0.06640487164258957,"w":-0.7804842591285706},"size":1355.0477294921875,"orthographic":false}