{
    "name": "root",
    "gauges": {
        "AICar.Policy.Entropy.mean": {
            "value": 1.420722246170044,
            "min": 1.4189382791519165,
            "max": 1.4227039813995361,
            "count": 31
        },
        "AICar.Policy.ExtrinsicValueEstimate.mean": {
            "value": 2.801100015640259,
            "min": 0.001186126726679504,
            "max": 2.801100015640259,
            "count": 31
        },
        "AICar.IsTraining.mean": {
            "value": 1.0,
            "min": 1.0,
            "max": 1.0,
            "count": 31
        },
        "AICar.Losses.ValueLoss.mean": {
            "value": 0.04217410460114479,
            "min": 0.024347394704818726,
            "max": 0.13060881197452545,
            "count": 14
        },
        "AICar.Losses.PolicyLoss.mean": {
            "value": 0.01809372752904892,
            "min": 0.013365323655307293,
            "max": 0.019429970532655716,
            "count": 14
        },
        "AICar.Policy.LearningRate.mean": {
            "value": 0.00028235133504495025,
            "min": 0.00028235133504495025,
            "max": 0.00029874048777855933,
            "count": 14
        },
        "AICar.Policy.Epsilon.mean": {
            "value": 0.19411711394786835,
            "min": 0.19411711394786835,
            "max": 0.19958016276359558,
            "count": 14
        },
        "AICar.Policy.Beta.mean": {
            "value": 0.004706443753093481,
            "min": 0.004706443753093481,
            "max": 0.0049790493212640285,
            "count": 14
        },
        "AICar.Environment.EpisodeLength.mean": {
            "value": 1999.0,
            "min": 1999.0,
            "max": 1999.0,
            "count": 6
        },
        "AICar.Environment.CumulativeReward.mean": {
            "value": 70.87398830552895,
            "min": 58.779997458060585,
            "max": 78.97999739646912,
            "count": 7
        },
        "AICar.Policy.ExtrinsicReward.mean": {
            "value": 70.87398830552895,
            "min": 58.779997458060585,
            "max": 78.97999739646912,
            "count": 7
        }
    },
    "metadata": {
        "timer_format_version": "0.1.0",
        "start_time_seconds": "1604079411",
        "python_version": "3.7.9 (default, Aug 31 2020, 17:10:11) [MSC v.1916 64 bit (AMD64)]",
        "command_line_arguments": "D:\\missp\\Anaconda\\envs\\carAgent1.0\\Scripts\\mlagents-learn ./trainer_config.yaml --run-id carNew07",
        "mlagents_version": "0.21.0",
        "mlagents_envs_version": "0.21.0",
        "communication_protocol_version": "1.2.0",
        "tensorflow_version": "2.3.1",
        "numpy_version": "1.19.2",
        "end_time_seconds": "1604079698"
    },
    "total": 286.9127268,
    "count": 1,
    "self": 0.006675699999959761,
    "children": {
        "run_training.setup": {
            "total": 0.007951700000000006,
            "count": 1,
            "self": 0.007951700000000006
        },
        "TrainerController.start_learning": {
            "total": 286.89809940000004,
            "count": 1,
            "self": 1.3546943999996301,
            "children": {
                "TrainerController._reset_env": {
                    "total": 10.0993768,
                    "count": 1,
                    "self": 10.0993768
                },
                "TrainerController.advance": {
                    "total": 274.5944617000004,
                    "count": 13164,
                    "self": 0.18714610000080256,
                    "children": {
                        "env_step": {
                            "total": 274.4073155999996,
                            "count": 13164,
                            "self": 258.6269254999984,
                            "children": {
                                "SubprocessEnvManager._take_step": {
                                    "total": 15.60185000000141,
                                    "count": 13164,
                                    "self": 0.4991646000022705,
                                    "children": {
                                        "TFPolicy.evaluate": {
                                            "total": 15.102685399999139,
                                            "count": 13164,
                                            "self": 15.102685399999139
                                        }
                                    }
                                },
                                "workers": {
                                    "total": 0.17854009999982878,
                                    "count": 13163,
                                    "self": 0.0,
                                    "children": {
                                        "worker_root": {
                                            "total": 275.80599210000105,
                                            "count": 13163,
                                            "is_parallel": true,
                                            "self": 53.43237130000193,
                                            "children": {
                                                "steps_from_proto": {
                                                    "total": 0.0014833000000002983,
                                                    "count": 1,
                                                    "is_parallel": true,
                                                    "self": 0.0002319999999986777,
                                                    "children": {
                                                        "_process_vector_observation": {
                                                            "total": 0.0012513000000016206,
                                                            "count": 8,
                                                            "is_parallel": true,
                                                            "self": 0.0012513000000016206
                                                        }
                                                    }
                                                },
                                                "UnityEnvironment.step": {
                                                    "total": 222.37213749999913,
                                                    "count": 13163,
                                                    "is_parallel": true,
                                                    "self": 3.894919799998661,
                                                    "children": {
                                                        "UnityEnvironment._generate_step_input": {
                                                            "total": 3.0409174999995106,
                                                            "count": 13163,
                                                            "is_parallel": true,
                                                            "self": 3.0409174999995106
                                                        },
                                                        "communicator.exchange": {
                                                            "total": 197.77771330000013,
                                                            "count": 13163,
                                                            "is_parallel": true,
                                                            "self": 197.77771330000013
                                                        },
                                                        "steps_from_proto": {
                                                            "total": 17.658586900000806,
                                                            "count": 13163,
                                                            "is_parallel": true,
                                                            "self": 1.876063499996869,