{
    "name": "root",
    "gauges": {
        "AICar.Policy.Entropy.mean": {
            "value": 1.4213889837265015,
            "min": 1.4189382791519165,
            "max": 1.4213889837265015,
            "count": 12
        },
        "AICar.Policy.ExtrinsicValueEstimate.mean": {
            "value": 13.334563255310059,
            "min": 0.04314161092042923,
            "max": 13.334563255310059,
            "count": 12
        },
        "AICar.IsTraining.mean": {
            "value": 1.0,
            "min": 1.0,
            "max": 1.0,
            "count": 12
        },
        "AICar.Losses.ValueLoss.mean": {
            "value": 621532.5625,
            "min": 10930.2353515625,
            "max": 621532.5625,
            "count": 5
        },
        "AICar.Losses.PolicyLoss.mean": {
            "value": 0.01883944869041443,
            "min": 0.014785771258175373,
            "max": 0.01883944869041443,
            "count": 5
        },
        "AICar.Policy.LearningRate.mean": {
            "value": 0.0002932109055109322,
            "min": 0.0002932109055109322,
            "max": 0.000298617611406371,
            "count": 5
        },
        "AICar.Policy.Epsilon.mean": {
            "value": 0.1977369636297226,
            "min": 0.1977369636297226,
            "max": 0.1995392143726349,
            "count": 5
        },
        "AICar.Policy.Beta.mean": {
            "value": 0.00488707423210144,
            "min": 0.00488707423210144,
            "max": 0.004977005999535322,
            "count": 5
        }
    },
    "metadata": {
        "timer_format_version": "0.1.0",
        "start_time_seconds": "1602959570",
        "python_version": "3.7.9 (default, Aug 31 2020, 17:10:11) [MSC v.1916 64 bit (AMD64)]",
        "command_line_arguments": "D:\\missp\\Anaconda\\envs\\carAgent1.0\\Scripts\\mlagents-learn ./trainer_config.yaml --run-id car_01",
        "mlagents_version": "0.21.0",
        "mlagents_envs_version": "0.21.0",
        "communication_protocol_version": "1.2.0",
        "tensorflow_version": "2.3.1",
        "numpy_version": "1.19.2",
        "end_time_seconds": "1602959680"
    },
    "total": 110.4505341,
    "count": 1,
    "self": 0.004907299999985071,
    "children": {
        "run_training.setup": {
            "total": 0.3382266999999999,
            "count": 1,
            "self": 0.3382266999999999
        },
        "TrainerController.start_learning": {
            "total": 110.1074001,
            "count": 1,
            "self": 0.10668189999994127,
            "children": {
                "TrainerController._reset_env": {
                    "total": 14.464712200000001,
                    "count": 1,
                    "self": 14.464712200000001
                },
                "TrainerController.advance": {
                    "total": 95.03395400000005,
                    "count": 3965,
                    "self": 0.05524700000025007,
                    "children": {
                        "env_step": {
                            "total": 94.9787069999998,
                            "count": 3965,
                            "self": 89.82196739999924,
                            "children": {
                                "SubprocessEnvManager._take_step": {
                                    "total": 5.103471900000592,
                                    "count": 3965,
                                    "self": 0.16630040000054436,
                                    "children": {
                                        "TFPolicy.evaluate": {
                                            "total": 4.937171500000048,
                                            "count": 3965,
                                            "self": 4.937171500000048
                                        }
                                    }
                                },
                                "workers": {
                                    "total": 0.053267699999977935,
                                    "count": 3964,
                                    "self": 0.0,
                                    "children": {
                                        "worker_root": {
                                            "total": 96.47340860000017,
                                            "count": 3964,
                                            "is_parallel": true,
                                            "self": 23.557654000000255,
                                            "children": {
                                                "steps_from_proto": {
                                                    "total": 0.0026033999999999224,
                                                    "count": 1,
                                                    "is_parallel": true,
                                                    "self": 0.00022310000000125285,
                                                    "children": {
                                                        "_process_vector_observation": {
                                                            "total": 0.0023802999999986696,
                                                            "count": 8,
                                                            "is_parallel": true,
                                                            "self": 0.0023802999999986696
                                                        }
                                                    }
                                                },
                                                "UnityEnvironment.step": {
                                                    "total": 72.91315119999992,
                                                    "count": 3964,
                                                    "is_parallel": true,
                                                    "self": 1.4440124000000907,
                                                    "children": {
                                                        "UnityEnvironment._generate_step_input": {
                                                            "total": 1.1389897000001117,
                                                            "count": 3964,
                                                            "is_parallel": true,
                                                            "self": 1.1389897000001117
                                                        },
                                                        "communicator.exchange": {
                                                            "total": 63.55909800000011,
                                                            "count": 3964,
                                                            "is_parallel": true,
                                                            "self": 63.55909800000011
                                                        },
                                                        "steps_from_proto": {
                                                            "total": 6.7710510999996,
                                                            "count": 3964,
                                                            "is_parallel": true,
                                                            "self": 0.6003417999993417,
                                                            "children": {
                                                                "_process_vector_observation": {
                                                                    "total": 6.170709300000258,
                                                                    "count": 31712,
                                                                    "is_parallel": true,