{
    "name": "root",
    "gauges": {
        "AICar.Policy.Entropy.mean": {
            "value": 1.4133999347686768,
            "min": 1.4133999347686768,
            "max": 1.418938398361206,
            "count": 16
        },
        "AICar.Policy.ExtrinsicValueEstimate.mean": {
            "value": 3.523786783218384,
            "min": 0.02342485822737217,
            "max": 3.523786783218384,
            "count": 16
        },
        "AICar.IsTraining.mean": {
            "value": 1.0,
            "min": 1.0,
            "max": 1.0,
            "count": 16
        },
        "AICar.Losses.ValueLoss.mean": {
            "value": 1.4455476999282837,
            "min": 1.4455476999282837,
            "max": 3.0565803050994873,
            "count": 7
        },
        "AICar.Losses.PolicyLoss.mean": {
            "value": 0.016172286123037338,
            "min": 0.014850819483399391,
            "max": 0.0194066371768713,
            "count": 7
        },
        "AICar.Policy.LearningRate.mean": {
            "value": 0.0002912063791882247,
            "min": 0.0002912063791882247,
            "max": 0.00029874048777855933,
            "count": 7
        },
        "AICar.Policy.Epsilon.mean": {
            "value": 0.19706878066062927,
            "min": 0.19706878066062927,
            "max": 0.19958016276359558,
            "count": 7
        },
        "AICar.Policy.Beta.mean": {
            "value": 0.004853732418268919,
            "min": 0.004853732418268919,
            "max": 0.0049790493212640285,
            "count": 7
        },
        "AICar.Environment.EpisodeLength.mean": {
            "value": 999.0,
            "min": 999.0,
            "max": 999.0,
            "count": 6
        },
        "AICar.Environment.CumulativeReward.mean": {
            "value": 95.54334702591102,
            "min": 95.54334702591102,
            "max": 124.6441830098629,
            "count": 8
        },
        "AICar.Policy.ExtrinsicReward.mean": {
            "value": 95.54334702591102,
            "min": 95.54334702591102,
            "max": 124.6441830098629,
            "count": 8
        }
    },
    "metadata": {
        "timer_format_version": "0.1.0",
        "start_time_seconds": "1602960747",
        "python_version": "3.7.9 (default, Aug 31 2020, 17:10:11) [MSC v.1916 64 bit (AMD64)]",
        "command_line_arguments": "D:\\missp\\Anaconda\\envs\\carAgent1.0\\Scripts\\mlagents-learn ./trainer_config.yaml --run-id car_04",
        "mlagents_version": "0.21.0",
        "mlagents_envs_version": "0.21.0",
        "communication_protocol_version": "1.2.0",
        "tensorflow_version": "2.3.1",
        "numpy_version": "1.19.2",
        "end_time_seconds": "1602960904"
    },
    "total": 156.990522,
    "count": 1,
    "self": 0.007880999999997584,
    "children": {
        "run_training.setup": {
            "total": 0.009181100000000164,
            "count": 1,
            "self": 0.009181100000000164
        },
        "TrainerController.start_learning": {
            "total": 156.9734599,
            "count": 1,
            "self": 1.2069794999995906,
            "children": {
                "TrainerController._reset_env": {
                    "total": 10.3078981,
                    "count": 1,
                    "self": 10.3078981
                },
                "TrainerController.advance": {
                    "total": 144.7148374000004,
                    "count": 7009,
                    "self": 0.09895029999938743,
                    "children": {
                        "env_step": {
                            "total": 144.615887100001,
                            "count": 7009,
                            "self": 136.27218120000052,
                            "children": {
                                "SubprocessEnvManager._take_step": {
                                    "total": 8.24880420000033,
                                    "count": 7009,
                                    "self": 0.26659790000055494,
                                    "children": {
                                        "TFPolicy.evaluate": {
                                            "total": 7.982206299999776,
                                            "count": 7009,
                                            "self": 7.982206299999776
                                        }
                                    }
                                },
                                "workers": {
                                    "total": 0.09490170000015041,
                                    "count": 7008,
                                    "self": 0.0,
                                    "children": {
                                        "worker_root": {
                                            "total": 146.3020762000002,
                                            "count": 7008,
                                            "is_parallel": true,
                                            "self": 29.57065479999912,
                                            "children": {
                                                "steps_from_proto": {
                                                    "total": 0.0016372000000011155,
                                                    "count": 1,
                                                    "is_parallel": true,
                                                    "self": 0.0001973000000017322,
                                                    "children": {
                                                        "_process_vector_observation": {
                                                            "total": 0.0014398999999993833,
                                                            "count": 8,
                                                            "is_parallel": true,
                                                            "self": 0.0014398999999993833
                                                        }
                                                    }
                                                },
                                                "UnityEnvironment.step": {
                                                    "total": 116.72978420000106,
                                                    "count": 7008,
                                                    "is_parallel": true,
                                                    "self": 2.114419200001606,
                                                    "children": {
                                                        "UnityEnvironment._generate_step_input": {
                                                            "total": 1.669375800000111,
                                                            "count": 7008,
                                                            "is_parallel": true,
                                                            "self": 1.669375800000111
                                                        },
                                                        "communicator.exchange": {
                                                            "total": 103.39480739999938,
                                                            "count": 7008,
                                                            "is_parallel": true,
                                                            "self": 103.39480739999938
                                                        },
                                                        "steps_from_proto": {
                                                            "total": 9.551181799999966,
                                                            "count": 7008,
                                                            "is_parallel": true,
                                                            "self": 1.0005866999991557,